"Product","Brand","Variant","Size_liter","Pack","Market","Period","Value_1000_EUR","Volume_1000_liter","Price_per_liter","Dis_weight","Dis_num","Promo_value_1000_EUR","Non_promo_value_1000_EUR","Promo_volume_1000_liter","Non_promo_volume_1000_liter"
"Karatea PFIRSICH HIBISKUS Glass 0.25 Liter","Karatea","PFIRSICH HIBISKUS","0.25","Glass","Total Market","MAT 2YA",2.6107,1.0312,2.5317106283941,3.48076923076923,4.30769230769231,0.5516,2.0591,0.2571,0.7741
"Karatea PFIRSICH HIBISKUS Glass 0.25 Liter","Karatea","PFIRSICH HIBISKUS","0.25","Glass","Total Market","MAT YA",2.7427,1.1411,2.40355797037946,3.38461538461538,3.75,0.4873,2.2554,0.2487,0.8924
"Karatea PFIRSICH HIBISKUS Glass 0.25 Liter","Karatea","PFIRSICH HIBISKUS","0.25","Glass","Total Market","MAT",3.6599,1.5201,2.40767054799026,1.92307692307692,2.26923076923077,1.2892,2.3707,0.5835,0.936599999999999
"Karatea PFIRSICH HIBISKUS Glass 0.25 Liter","Karatea","PFIRSICH HIBISKUS","0.25","Glass","Retailer A","MAT 2YA",0,0,0,0,0,0,0,0,0
"Karatea PFIRSICH HIBISKUS Glass 0.25 Liter","Karatea","PFIRSICH HIBISKUS","0.25","Glass","Retailer A","MAT YA",0,0,0,0,0,0,0,0,0
"Karatea PFIRSICH HIBISKUS Glass 0.25 Liter","Karatea","PFIRSICH HIBISKUS","0.25","Glass","Retailer A","MAT",0,0,0,0,0,0,0,0,0
"Karatea PFIRSICH HIBISKUS Glass 0.25 Liter","Karatea","PFIRSICH HIBISKUS","0.25","Glass","Retailer B","MAT 2YA",0.176,0.0438,4.01826484018265,0,0,0.0484,0.1276,0.0162,0.0276
"Karatea PFIRSICH HIBISKUS Glass 0.25 Liter","Karatea","PFIRSICH HIBISKUS","0.25","Glass","Retailer B","MAT YA",0.0313,0.0063,4.96825396825397,0,0,0,0.0313,0,0.0063
"Karatea PFIRSICH HIBISKUS Glass 0.25 Liter","Karatea","PFIRSICH HIBISKUS","0.25","Glass","Retailer B","MAT",0.1151,0.0253,4.54940711462451,0,0,0.0099,0.1052,0.0041,0.0212
"Karatea PFIRSICH HIBISKUS Can 0.33 Liter","Karatea","PFIRSICH HIBISKUS","0.33","Can","Total Market","MAT 2YA",0.8223,0.3735,2.20160642570281,1.09677419354839,2.38709677419355,0.1039,0.7184,0.0573,0.3162
"Karatea PFIRSICH HIBISKUS Can 0.33 Liter","Karatea","PFIRSICH HIBISKUS","0.33","Can","Total Market","MAT YA",0,0,0,0,0,0,0,0,0
"Karatea PFIRSICH HIBISKUS Can 0.33 Liter","Karatea","PFIRSICH HIBISKUS","0.33","Can","Total Market","MAT",0,0,0,0,0,0,0,0,0
"Karatea PFIRSICH HIBISKUS Can 0.33 Liter","Karatea","PFIRSICH HIBISKUS","0.33","Can","Retailer A","MAT 2YA",0,0,0,0,0,0,0,0,0
"Karatea PFIRSICH HIBISKUS Can 0.33 Liter","Karatea","PFIRSICH HIBISKUS","0.33","Can","Retailer A","MAT YA",0,0,0,0,0,0,0,0,0
"Karatea PFIRSICH HIBISKUS Can 0.33 Liter","Karatea","PFIRSICH HIBISKUS","0.33","Can","Retailer A","MAT",0,0,0,0,0,0,0,0,0
"Karatea PFIRSICH HIBISKUS Can 0.33 Liter","Karatea","PFIRSICH HIBISKUS","0.33","Can","Retailer B","MAT 2YA",0.1151,0.0511,2.25244618395303,3.34782608695652,3.21739130434783,0.0107,0.1044,0.0076,0.0435
"Karatea PFIRSICH HIBISKUS Can 0.33 Liter","Karatea","PFIRSICH HIBISKUS","0.33","Can","Retailer B","MAT YA",0,0,0,0,0,0,0,0,0
"Karatea PFIRSICH HIBISKUS Can 0.33 Liter","Karatea","PFIRSICH HIBISKUS","0.33","Can","Retailer B","MAT",0,0,0,0,0,0,0,0,0
"Karatea GRUEN APFEL PET 0.5 Liter","Karatea","GRUEN APFEL","0.5","PET","Total Market","MAT 2YA",50.4327,24.0018,2.10120490963178,15.6730769230769,9.75,8.6738,41.7589,4.7159,19.2859
"Karatea GRUEN APFEL PET 0.5 Liter","Karatea","GRUEN APFEL","0.5","PET","Total Market","MAT YA",9.7745,4.6111,2.11977619223179,4.5,3.12,0.9047,8.8698,0.516,4.0951
"Karatea GRUEN APFEL PET 0.5 Liter","Karatea","GRUEN APFEL","0.5","PET","Total Market","MAT",0,0,0,0,0,0,0,0,0
"Karatea GRUEN APFEL PET 0.5 Liter","Karatea","GRUEN APFEL","0.5","PET","Retailer A","MAT 2YA",0,0,0,0,0,0,0,0,0
"Karatea GRUEN APFEL PET 0.5 Liter","Karatea","GRUEN APFEL","0.5","PET","Retailer A","MAT YA",0,0,0,0,0,0,0,0,0
"Karatea GRUEN APFEL PET 0.5 Liter","Karatea","GRUEN APFEL","0.5","PET","Retailer A","MAT",0,0,0,0,0,0,0,0,0
"Karatea GRUEN APFEL PET 0.5 Liter","Karatea","GRUEN APFEL","0.5","PET","Retailer B","MAT 2YA",6.7995,3.2455,2.09505469111077,35.2884615384615,35.0961538461538,1.4003,5.3992,0.7565,2.489
"Karatea GRUEN APFEL PET 0.5 Liter","Karatea","GRUEN APFEL","0.5","PET","Retailer B","MAT YA",1.5473,0.757,2.0439894319683,11.64,11.96,0.2782,1.2691,0.172,0.585
"Karatea GRUEN APFEL PET 0.5 Liter","Karatea","GRUEN APFEL","0.5","PET","Retailer B","MAT",0,0,0,0,0,0,0,0,0
"Karatea GRUEN GOJIBEERE PET 0.5 Liter","Karatea","GRUEN GOJIBEERE","0.5","PET","Total Market","MAT 2YA",110.1461,52.281,2.10680935712783,27.5192307692308,19.3653846153846,22.5528,87.5933,12.0708,40.2102
"Karatea GRUEN GOJIBEERE PET 0.5 Liter","Karatea","GRUEN GOJIBEERE","0.5","PET","Total Market","MAT YA",15.0118,7.0059,2.14273683609529,6.44186046511628,4.27906976744186,1.2242,13.7876,0.6532,6.3527
"Karatea GRUEN GOJIBEERE PET 0.5 Liter","Karatea","GRUEN GOJIBEERE","0.5","PET","Total Market","MAT",0,0,0,0,0,0,0,0,0
"Karatea GRUEN GOJIBEERE PET 0.5 Liter","Karatea","GRUEN GOJIBEERE","0.5","PET","Retailer A","MAT 2YA",4.0617,1.969,2.06282376841036,5.52941176470588,4.25490196078431,2.2465,1.8152,1.133,0.836
"Karatea GRUEN GOJIBEERE PET 0.5 Liter","Karatea","GRUEN GOJIBEERE","0.5","PET","Retailer A","MAT YA",0,0,0,0,0,0,0,0,0
"Karatea GRUEN GOJIBEERE PET 0.5 Liter","Karatea","GRUEN GOJIBEERE","0.5","PET","Retailer A","MAT",0,0,0,0,0,0,0,0,0
"Karatea GRUEN GOJIBEERE PET 0.5 Liter","Karatea","GRUEN GOJIBEERE","0.5","PET","Retailer B","MAT 2YA",12.9945,6.191,2.09893393635923,46.9615384615385,46.5576923076923,2.8749,10.1196,1.514,4.677
"Karatea GRUEN GOJIBEERE PET 0.5 Liter","Karatea","GRUEN GOJIBEERE","0.5","PET","Retailer B","MAT YA",3.06,1.43,2.13986013986014,19.3421052631579,19.2105263157895,0.2418,2.8182,0.1345,1.2955
"Karatea GRUEN GOJIBEERE PET 0.5 Liter","Karatea","GRUEN GOJIBEERE","0.5","PET","Retailer B","MAT",0,0,0,0,0,0,0,0,0
"Karatea PFIRSICH HIBISKUS PET 0.5 Liter","Karatea","PFIRSICH HIBISKUS","0.5","PET","Total Market","MAT 2YA",1066.6368,510.6369,2.08883611818887,90.6346153846154,75.5,160.2262,906.4106,89.8611,420.7758
"Karatea PFIRSICH HIBISKUS PET 0.5 Liter","Karatea","PFIRSICH HIBISKUS","0.5","PET","Total Market","MAT YA",1128.6633,525.1479,2.14922938852083,90.2115384615385,75.2692307692308,140.8411,987.8222,80.1413,445.0066
"Karatea PFIRSICH HIBISKUS PET 0.5 Liter","Karatea","PFIRSICH HIBISKUS","0.5","PET","Total Market","MAT",1600.8586,586.2212,2.73080980353491,89.9423076923077,76.0769230769231,238.9583,1361.9003,94.1066,492.1146
"Karatea PFIRSICH HIBISKUS PET 0.5 Liter","Karatea","PFIRSICH HIBISKUS","0.5","PET","Retailer A","MAT 2YA",245.1501,115.071,2.13042469431916,98.8846153846154,98.6538461538462,43.2093,201.9408,21.8185,93.2525
"Karatea PFIRSICH HIBISKUS PET 0.5 Liter","Karatea","PFIRSICH HIBISKUS","0.5","PET","Retailer A","MAT YA",258.457,117.5875,2.19799723610078,98.8076923076923,98.3461538461538,55.6604,202.7966,26.9445,90.643
"Karatea PFIRSICH HIBISKUS PET 0.5 Liter","Karatea","PFIRSICH HIBISKUS","0.5","PET","Retailer A","MAT",481.3216,173.102,2.78056637127243,99.2307692307692,98.8269230769231,107.7302,373.5914,39.412,133.69
"Karatea PFIRSICH HIBISKUS PET 0.5 Liter","Karatea","PFIRSICH HIBISKUS","0.5","PET","Retailer B","MAT 2YA",118.6428,59.526,1.9931256929745,97.2307692307692,97.3269230769231,18.9455,99.6973,13.2105,46.3155
"Karatea PFIRSICH HIBISKUS PET 0.5 Liter","Karatea","PFIRSICH HIBISKUS","0.5","PET","Retailer B","MAT YA",130.2073,64.039,2.03325005075032,96.5769230769231,96.6923076923077,13.0783,117.129,11.262,52.777
"Karatea PFIRSICH HIBISKUS PET 0.5 Liter","Karatea","PFIRSICH HIBISKUS","0.5","PET","Retailer B","MAT",172.6991,62.3655,2.76914479960876,98.0769230769231,97.7115384615385,17.3041,155.395,7.198,55.1675
"Karatea WALDBEEREN PET 0.5 Liter","Karatea","WALDBEEREN","0.5","PET","Total Market","MAT 2YA",0,0,0,0,0,0,0,0,0
"Karatea WALDBEEREN PET 0.5 Liter","Karatea","WALDBEEREN","0.5","PET","Total Market","MAT YA",127.0702,56.703,2.24097843147629,20.24,14.7,15.0939,111.9763,7.0976,49.6054
"Karatea WALDBEEREN PET 0.5 Liter","Karatea","WALDBEEREN","0.5","PET","Total Market","MAT",163.8172,59.1885,2.76772008075893,24.4615384615385,17.3846153846154,28.2422,135.575,10.915,48.2735
"Karatea WALDBEEREN PET 0.5 Liter","Karatea","WALDBEEREN","0.5","PET","Retailer A","MAT 2YA",0,0,0,0,0,0,0,0,0
"Karatea WALDBEEREN PET 0.5 Liter","Karatea","WALDBEEREN","0.5","PET","Retailer A","MAT YA",0.0702,0.036,1.95,0,0,0.0046,0.0656,0.0025,0.0335
"Karatea WALDBEEREN PET 0.5 Liter","Karatea","WALDBEEREN","0.5","PET","Retailer A","MAT",1.4476,0.467,3.09978586723769,2.73684210526316,1.68421052631579,0.2324,1.2152,0.079,0.388
"Karatea WALDBEEREN PET 0.5 Liter","Karatea","WALDBEEREN","0.5","PET","Retailer B","MAT 2YA",0,0,0,0,0,0,0,0,0
"Karatea WALDBEEREN PET 0.5 Liter","Karatea","WALDBEEREN","0.5","PET","Retailer B","MAT YA",12.1728,5.429,2.24218088045681,30,31.0212765957447,1.5774,10.5954,0.7375,4.6915
"Karatea WALDBEEREN PET 0.5 Liter","Karatea","WALDBEEREN","0.5","PET","Retailer B","MAT",16.1784,5.8365,2.77193523515806,29.8076923076923,31.2115384615385,2.1869,13.9915,0.9375,4.899
"Karatea ZITRONENGRAS PET 0.5 Liter","Karatea","ZITRONENGRAS","0.5","PET","Total Market","MAT 2YA",637.0482,318.2478,2.00173638278097,89.5961538461538,72.4807692307692,110.2287,526.8195,71.2375,247.0103
"Karatea ZITRONENGRAS PET 0.5 Liter","Karatea","ZITRONENGRAS","0.5","PET","Total Market","MAT YA",675.5551,339.9649,1.98713190685274,89.0961538461538,72.5384615384615,81.7895,593.7656,69.5214,270.4435
"Karatea ZITRONENGRAS PET 0.5 Liter","Karatea","ZITRONENGRAS","0.5","PET","Total Market","MAT",950.1206,366.0432,2.59565155151086,88.9423076923077,72.3461538461538,161.0704,789.0502,69.9601,296.0831
"Karatea ZITRONENGRAS PET 0.5 Liter","Karatea","ZITRONENGRAS","0.5","PET","Retailer A","MAT 2YA",159.3662,77.801,2.04838241153713,97.9807692307692,97.1538461538462,29.3054,130.0608,15.723,62.078
"Karatea ZITRONENGRAS PET 0.5 Liter","Karatea","ZITRONENGRAS","0.5","PET","Retailer A","MAT YA",165.1663,75.163,2.19744156034219,97.7115384615385,96.7115384615385,35.5143,129.652,17.274,57.889
"Karatea ZITRONENGRAS PET 0.5 Liter","Karatea","ZITRONENGRAS","0.5","PET","Retailer A","MAT",301.72,120.7315,2.49909924087748,98.6538461538462,98.0961538461538,75.8027,225.9173,33.677,87.0545
"Karatea ZITRONENGRAS PET 0.5 Liter","Karatea","ZITRONENGRAS","0.5","PET","Retailer B","MAT 2YA",68.0973,35.0945,1.94039806807335,97.4615384615385,97.3846153846154,12.4388,55.6585,9.197,25.8975
"Karatea ZITRONENGRAS PET 0.5 Liter","Karatea","ZITRONENGRAS","0.5","PET","Retailer B","MAT YA",72.6496,36.7315,1.97785551910486,96.4230769230769,96.4038461538462,8.4578,64.1918,7.778,28.9535
"Karatea ZITRONENGRAS PET 0.5 Liter","Karatea","ZITRONENGRAS","0.5","PET","Retailer B","MAT",96.2405,34.893,2.75816066259708,98.5769230769231,98.2692307692308,10.421,85.8195,4.417,30.476
"Karatea GRUEN HEIDELBEERE PET 1.5 Liter","Karatea","GRUEN HEIDELBEERE","1.5","PET","Total Market","MAT 2YA",209.6349,249.6241,0.839802326778544,46.2884615384615,34.8846153846154,107.824,101.8109,152.3491,97.275
"Karatea GRUEN HEIDELBEERE PET 1.5 Liter","Karatea","GRUEN HEIDELBEERE","1.5","PET","Total Market","MAT YA",28.347,30.911,0.917052182071107,13.8627450980392,12.6470588235294,12.3001,16.0469,15.995,14.916
"Karatea GRUEN HEIDELBEERE PET 1.5 Liter","Karatea","GRUEN HEIDELBEERE","1.5","PET","Total Market","MAT",0.0093,0.0091,1.02197802197802,0,0,0.0025,0.0068,0.003,0.0061
"Karatea GRUEN HEIDELBEERE PET 1.5 Liter","Karatea","GRUEN HEIDELBEERE","1.5","PET","Retailer A","MAT 2YA",0,0,0,0,0,0,0,0,0
"Karatea GRUEN HEIDELBEERE PET 1.5 Liter","Karatea","GRUEN HEIDELBEERE","1.5","PET","Retailer A","MAT YA",0,0,0,0,0,0,0,0,0
"Karatea GRUEN HEIDELBEERE PET 1.5 Liter","Karatea","GRUEN HEIDELBEERE","1.5","PET","Retailer A","MAT",0,0,0,0,0,0,0,0,0
"Karatea GRUEN HEIDELBEERE PET 1.5 Liter","Karatea","GRUEN HEIDELBEERE","1.5","PET","Retailer B","MAT 2YA",51.5557,64.2345,0.802616973744639,97.0769230769231,96.1538461538462,30.6899,20.8658,44.4855,19.749
"Karatea GRUEN HEIDELBEERE PET 1.5 Liter","Karatea","GRUEN HEIDELBEERE","1.5","PET","Retailer B","MAT YA",7.9702,8.832,0.902423007246377,37.075,38.225,3.2921,4.6781,4.518,4.314
"Karatea GRUEN HEIDELBEERE PET 1.5 Liter","Karatea","GRUEN HEIDELBEERE","1.5","PET","Retailer B","MAT",0,0,0,0,0,0,0,0,0
"Karatea GRUEN MARACUJA PET 1.5 Liter","Karatea","GRUEN MARACUJA","1.5","PET","Total Market","MAT 2YA",343.875,404.4837,0.850157867919028,58.2307692307692,44.5769230769231,172.3081,171.5669,240.3467,164.137
"Karatea GRUEN MARACUJA PET 1.5 Liter","Karatea","GRUEN MARACUJA","1.5","PET","Total Market","MAT YA",52.7604,58.065,0.908643761301989,15.9230769230769,14.5,22.4482,30.3122,29.8729,28.1921
"Karatea GRUEN MARACUJA PET 1.5 Liter","Karatea","GRUEN MARACUJA","1.5","PET","Total Market","MAT",0.0153,0.015,1.02,0,0.0909090909090909,8e-04,0.0145,0.0015,0.0135
"Karatea GRUEN MARACUJA PET 1.5 Liter","Karatea","GRUEN MARACUJA","1.5","PET","Retailer A","MAT 2YA",45.8197,46.668,0.981822662209651,30.2222222222222,31.4222222222222,16.3018,29.5179,18.6165,28.0515
"Karatea GRUEN MARACUJA PET 1.5 Liter","Karatea","GRUEN MARACUJA","1.5","PET","Retailer A","MAT YA",0,0,0,0,0,0,0,0,0
"Karatea GRUEN MARACUJA PET 1.5 Liter","Karatea","GRUEN MARACUJA","1.5","PET","Retailer A","MAT",0,0,0,0,0,0,0,0,0
"Karatea GRUEN MARACUJA PET 1.5 Liter","Karatea","GRUEN MARACUJA","1.5","PET","Retailer B","MAT 2YA",70.1672,87.8685,0.79854782999596,98.1538461538462,97.6730769230769,40.3427,29.8245,59.76,28.1085
"Karatea GRUEN MARACUJA PET 1.5 Liter","Karatea","GRUEN MARACUJA","1.5","PET","Retailer B","MAT YA",13.6167,15.453,0.881168705105805,44.9142857142857,45.8571428571429,6.0774,7.5393,8.46,6.993
"Karatea GRUEN MARACUJA PET 1.5 Liter","Karatea","GRUEN MARACUJA","1.5","PET","Retailer B","MAT",0,0,0,0,0,0,0,0,0
"Karatea GRUEN INGWER PET 1.5 Liter","Karatea","GRUEN INGWER","1.5","PET","Total Market","MAT 2YA",0.8782,1.0486,0.837497615868777,2.14285714285714,3.4047619047619,0.4683,0.4099,0.6054,0.4432
"Karatea GRUEN INGWER PET 1.5 Liter","Karatea","GRUEN INGWER","1.5","PET","Total Market","MAT YA",0.008,0.0075,1.06666666666667,0,0,0,0.008,0,0.0075
"Karatea GRUEN INGWER PET 1.5 Liter","Karatea","GRUEN INGWER","1.5","PET","Total Market","MAT",0,0,0,0,0,0,0,0,0
"Karatea GRUEN INGWER PET 1.5 Liter","Karatea","GRUEN INGWER","1.5","PET","Retailer A","MAT 2YA",0.226,0.2325,0.972043010752688,0.875,1.29166666666667,0.0763,0.1497,0.09,0.1425
"Karatea GRUEN INGWER PET 1.5 Liter","Karatea","GRUEN INGWER","1.5","PET","Retailer A","MAT YA",0,0,0,0,0,0,0,0,0
"Karatea GRUEN INGWER PET 1.5 Liter","Karatea","GRUEN INGWER","1.5","PET","Retailer A","MAT",0,0,0,0,0,0,0,0,0
"Karatea GRUEN INGWER PET 1.5 Liter","Karatea","GRUEN INGWER","1.5","PET","Retailer B","MAT 2YA",0.0634,0.075,0.845333333333333,1.2258064516129,0.903225806451613,0.0333,0.0301,0.0405,0.0345
"Karatea GRUEN INGWER PET 1.5 Liter","Karatea","GRUEN INGWER","1.5","PET","Retailer B","MAT YA",0.008,0.0075,1.06666666666667,1,0,0,0.008,0,0.0075
"Karatea GRUEN INGWER PET 1.5 Liter","Karatea","GRUEN INGWER","1.5","PET","Retailer B","MAT",0,0,0,0,0,0,0,0,0
"Karatea PFIRSICH HIBISKUS PET 1.5 Liter","Karatea","PFIRSICH HIBISKUS","1.5","PET","Total Market","MAT 2YA",1631.7047,1951.8451,0.83598063186469,92.3269230769231,80.1346153846154,813.1826,818.5221,1165.0226,786.8225
"Karatea PFIRSICH HIBISKUS PET 1.5 Liter","Karatea","PFIRSICH HIBISKUS","1.5","PET","Total Market","MAT YA",1491.0823,1733.5318,0.860141302282427,91.7884615384615,81.2115384615385,685.427,805.6553,986.0473,747.4845
"Karatea PFIRSICH HIBISKUS PET 1.5 Liter","Karatea","PFIRSICH HIBISKUS","1.5","PET","Total Market","MAT",901.0527,1030.3383,0.874521213081179,57.7115384615385,55.25,458.0381,443.0146,641.1624,389.1759
"Karatea PFIRSICH HIBISKUS PET 1.5 Liter","Karatea","PFIRSICH HIBISKUS","1.5","PET","Retailer A","MAT 2YA",472.815,499.6258,0.946338239538471,99.9615384615385,99.1730769230769,180.6796,292.1354,225.6129,274.0129
"Karatea PFIRSICH HIBISKUS PET 1.5 Liter","Karatea","PFIRSICH HIBISKUS","1.5","PET","Retailer A","MAT YA",450.2525,488.3732,0.921943505499483,99.7692307692308,99.1923076923077,184.8503,265.4022,246.3001,242.0731
"Karatea PFIRSICH HIBISKUS PET 1.5 Liter","Karatea","PFIRSICH HIBISKUS","1.5","PET","Retailer A","MAT",253.6163,248.5246,1.02048771027094,61.6153846153846,62.3653846153846,89.2204,164.3959,108.7861,139.7385
"Karatea PFIRSICH HIBISKUS PET 1.5 Liter","Karatea","PFIRSICH HIBISKUS","1.5","PET","Retailer B","MAT 2YA",237.5494,319.7685,0.742879301744856,99.9423076923077,99.9615384615385,155.3697,82.1797,242.187,77.5815
"Karatea PFIRSICH HIBISKUS PET 1.5 Liter","Karatea","PFIRSICH HIBISKUS","1.5","PET","Retailer B","MAT YA",207.9609,264.7627,0.785461471725436,99.8846153846154,99.9038461538462,115.3706,92.5903000000001,179.5705,85.1922
"Karatea PFIRSICH HIBISKUS PET 1.5 Liter","Karatea","PFIRSICH HIBISKUS","1.5","PET","Retailer B","MAT",138.9087,183.302,0.757813335370045,64.265306122449,65.2244897959184,93.7959,45.1128,143.8506,39.4514
"Karatea WALDBEEREN PET 1.5 Liter","Karatea","WALDBEEREN","1.5","PET","Total Market","MAT 2YA",0,0,0,0,0,0,0,0,0
"Karatea WALDBEEREN PET 1.5 Liter","Karatea","WALDBEEREN","1.5","PET","Total Market","MAT YA",176.5318,208.3171,0.847418670862834,28.1041666666667,20.7083333333333,90.2502,86.2816,128.5547,79.7624
"Karatea WALDBEEREN PET 1.5 Liter","Karatea","WALDBEEREN","1.5","PET","Total Market","MAT",143.8528,171.6383,0.838115968289129,22.5,18.9615384615385,79.1985,64.6543,114.9888,56.6495
"Karatea WALDBEEREN PET 1.5 Liter","Karatea","WALDBEEREN","1.5","PET","Retailer A","MAT 2YA",0,0,0,0,0,0,0,0,0
"Karatea WALDBEEREN PET 1.5 Liter","Karatea","WALDBEEREN","1.5","PET","Retailer A","MAT YA",0,0,0,0,0,0,0,0,0
"Karatea WALDBEEREN PET 1.5 Liter","Karatea","WALDBEEREN","1.5","PET","Retailer A","MAT",0,0,0,0,0,0,0,0,0
"Karatea WALDBEEREN PET 1.5 Liter","Karatea","WALDBEEREN","1.5","PET","Retailer B","MAT 2YA",0,0,0,0,0,0,0,0,0
"Karatea WALDBEEREN PET 1.5 Liter","Karatea","WALDBEEREN","1.5","PET","Retailer B","MAT YA",72.3299,86.3608,0.837531611564506,91.6808510638298,91.2978723404255,38.7041,33.6258,55.3963,30.9645
"Karatea WALDBEEREN PET 1.5 Liter","Karatea","WALDBEEREN","1.5","PET","Retailer B","MAT",62.179,74.9423,0.829691642770505,76.7307692307692,77.3269230769231,35.0594,27.1196,51.2996,23.6427
"Karatea ZWETSCHKE PET 1.5 Liter","Karatea","ZWETSCHKE","1.5","PET","Total Market","MAT 2YA",0.6685,0.8283,0.80707473137752,2.45945945945946,3.67567567567568,0.4304,0.2381,0.5677,0.2606
"Karatea ZWETSCHKE PET 1.5 Liter","Karatea","ZWETSCHKE","1.5","PET","Total Market","MAT YA",238.5983,267.9625,0.890416756075943,38.468085106383,26.3404255319149,103.77,134.8283,140.6579,127.3046
"Karatea ZWETSCHKE PET 1.5 Liter","Karatea","ZWETSCHKE","1.5","PET","Total Market","MAT",1.1752,1.2863,0.91362823602581,3.71739130434783,4.60869565217391,0.6643,0.5109,0.7978,0.4885
"Karatea ZWETSCHKE PET 1.5 Liter","Karatea","ZWETSCHKE","1.5","PET","Retailer A","MAT 2YA",0,0,0,0,0,0,0,0,0
"Karatea ZWETSCHKE PET 1.5 Liter","Karatea","ZWETSCHKE","1.5","PET","Retailer A","MAT YA",8.9153,8.376,1.06438634192932,12.0512820512821,12.7948717948718,1.4051,7.5102,1.503,6.873
"Karatea ZWETSCHKE PET 1.5 Liter","Karatea","ZWETSCHKE","1.5","PET","Retailer A","MAT",0,0,0,0,0,0,0,0,0
"Karatea ZWETSCHKE PET 1.5 Liter","Karatea","ZWETSCHKE","1.5","PET","Retailer B","MAT 2YA",0.0488,0.069,0.707246376811594,1.92857142857143,1.92857142857143,0.0408,0.00799999999999999,0.06,0.009
"Karatea ZWETSCHKE PET 1.5 Liter","Karatea","ZWETSCHKE","1.5","PET","Retailer B","MAT YA",62.4333,72.0043,0.867077382878523,76.9130434782609,77.1521739130435,30.7312,31.7021,42.975,29.0293
"Karatea ZWETSCHKE PET 1.5 Liter","Karatea","ZWETSCHKE","1.5","PET","Retailer B","MAT",0.1855,0.21,0.883333333333333,5.07692307692308,5.76923076923077,0.1023,0.0832,0.1365,0.0735
"Karatea ZITRONENGRAS PET 1.5 Liter","Karatea","ZITRONENGRAS","1.5","PET","Total Market","MAT 2YA",1077.2361,1284.1173,0.838892288111062,91.8846153846154,78.1923076923077,529.179,548.057099999999,756.5189,527.598400000001
"Karatea ZITRONENGRAS PET 1.5 Liter","Karatea","ZITRONENGRAS","1.5","PET","Total Market","MAT YA",1061.7791,1218.7161,0.87122759763328,91.5,78.7115384615385,469.008,592.7711,669.3033,549.4128
"Karatea ZITRONENGRAS PET 1.5 Liter","Karatea","ZITRONENGRAS","1.5","PET","Total Market","MAT",698.7063,778.9259,0.897012539960476,62.3846153846154,58.3269230769231,338.583,360.1233,460.8978,318.0281
"Karatea ZITRONENGRAS PET 1.5 Liter","Karatea","ZITRONENGRAS","1.5","PET","Retailer A","MAT 2YA",333.5532,353.2951,0.944120651545974,99.1923076923077,98.3846153846154,126.5742,206.979,159.2251,194.07
"Karatea ZITRONENGRAS PET 1.5 Liter","Karatea","ZITRONENGRAS","1.5","PET","Retailer A","MAT YA",352.1116,378.9271,0.929233089953187,99.2692307692308,98.4423076923077,138.0001,214.1115,183.5335,195.3936
"Karatea ZITRONENGRAS PET 1.5 Liter","Karatea","ZITRONENGRAS","1.5","PET","Retailer A","MAT",208.0192,199.3456,1.04351036591728,66.4230769230769,67.7307692307692,72.5272,135.492,83.6157,115.7299
"Karatea ZITRONENGRAS PET 1.5 Liter","Karatea","ZITRONENGRAS","1.5","PET","Retailer B","MAT 2YA",144.4625,194.0235,0.744561870082748,99.7115384615385,99.7692307692308,92.295,52.1675,144.4035,49.62
"Karatea ZITRONENGRAS PET 1.5 Liter","Karatea","ZITRONENGRAS","1.5","PET","Retailer B","MAT YA",131.2994,166.723,0.787530214787402,99.6730769230769,99.5961538461538,70.9237,60.3757,111.0327,55.6903
"Karatea ZITRONENGRAS PET 1.5 Liter","Karatea","ZITRONENGRAS","1.5","PET","Retailer B","MAT",96.2976,124.7665,0.77182256455058,67.1153846153846,68.8653846153846,62.388,33.9096,95.0081,29.7584
"Karatea PFIRSICH ROSE PET 0.5 Liter","Karatea","PFIRSICH ROSE","0.5","PET","Total Market","MAT 2YA",114.8914,54.6639,2.10177832170774,25.75,16.9807692307692,19.0069,95.8845,10.1743,44.4896
"Karatea PFIRSICH ROSE PET 0.5 Liter","Karatea","PFIRSICH ROSE","0.5","PET","Total Market","MAT YA",116.5007,52.5369,2.21750236500441,17.5576923076923,9.67307692307692,6.8869,109.6138,3.4098,49.1271
"Karatea PFIRSICH ROSE PET 0.5 Liter","Karatea","PFIRSICH ROSE","0.5","PET","Total Market","MAT",195.4447,69.421,2.81535414355887,22.2307692307692,13.2884615384615,37.9382,157.5065,14.4718,54.9492
"Karatea PFIRSICH ROSE PET 0.5 Liter","Karatea","PFIRSICH ROSE","0.5","PET","Retailer A","MAT 2YA",0,0,0,0,0,0,0,0,0
"Karatea PFIRSICH ROSE PET 0.5 Liter","Karatea","PFIRSICH ROSE","0.5","PET","Retailer A","MAT YA",0,0,0,0,0,0,0,0,0
"Karatea PFIRSICH ROSE PET 0.5 Liter","Karatea","PFIRSICH ROSE","0.5","PET","Retailer A","MAT",31.4823,10.458,3.01035570854848,45.1428571428571,45.0714285714286,14.4503,17.032,5.06,5.398
"Karatea PFIRSICH ROSE PET 0.5 Liter","Karatea","PFIRSICH ROSE","0.5","PET","Retailer B","MAT 2YA",15.2906,7.305,2.09316906228611,47.5961538461538,48,3.2486,12.042,1.737,5.568
"Karatea PFIRSICH ROSE PET 0.5 Liter","Karatea","PFIRSICH ROSE","0.5","PET","Retailer B","MAT YA",12.9865,5.8755,2.21027997617224,34.4038461538462,34.9807692307692,0.9371,12.0494,0.496,5.3795
"Karatea PFIRSICH ROSE PET 0.5 Liter","Karatea","PFIRSICH ROSE","0.5","PET","Retailer B","MAT",12.9497,4.763,2.71881167331514,27,28.6346153846154,2.0678,10.8819,0.931,3.832
"Karatea PFIRSICH ROSE PET 1.5 Liter","Karatea","PFIRSICH ROSE","1.5","PET","Total Market","MAT 2YA",855.441,987.1617,0.866566237324645,77.1730769230769,55.9807692307692,413.3755,442.0655,570.7804,416.3813
"Karatea PFIRSICH ROSE PET 1.5 Liter","Karatea","PFIRSICH ROSE","1.5","PET","Total Market","MAT YA",979.501,1091.279,0.897571565108464,79.4615384615385,58.0961538461538,422.7316,556.7694,579.5895,511.6895
"Karatea PFIRSICH ROSE PET 1.5 Liter","Karatea","PFIRSICH ROSE","1.5","PET","Total Market","MAT",536.1185,592.5115,0.904823788230271,45.5769230769231,36.2692307692308,266.9531,269.1654,357.1319,235.3796
"Karatea PFIRSICH ROSE PET 1.5 Liter","Karatea","PFIRSICH ROSE","1.5","PET","Retailer A","MAT 2YA",256.7231,271.029,0.947216349541931,92.3461538461538,90.8076923076923,96.3241,160.399,121.2525,149.7765
"Karatea PFIRSICH ROSE PET 1.5 Liter","Karatea","PFIRSICH ROSE","1.5","PET","Retailer A","MAT YA",350.1995,372.7665,0.939460761629599,98.5192307692308,97.6730769230769,138.2338,211.9657,179.3865,193.38
"Karatea PFIRSICH ROSE PET 1.5 Liter","Karatea","PFIRSICH ROSE","1.5","PET","Retailer A","MAT",177.9495,169.563,1.04945949293183,58.02,59.18,58.6864,119.2631,67.212,102.351
"Karatea PFIRSICH ROSE PET 1.5 Liter","Karatea","PFIRSICH ROSE","1.5","PET","Retailer B","MAT 2YA",151.2638,192.8743,0.784261044628548,99.3653846153846,99.3076923076923,91.4016,59.8622,136.3785,56.4958
"Karatea PFIRSICH ROSE PET 1.5 Liter","Karatea","PFIRSICH ROSE","1.5","PET","Retailer B","MAT YA",151.002,181.2124,0.833287346782009,99.2115384615385,99.2307692307692,74.7218,76.2802000000001,111.1675,70.0449
"Karatea PFIRSICH ROSE PET 1.5 Liter","Karatea","PFIRSICH ROSE","1.5","PET","Retailer B","MAT",85.8397,109.1542,0.786407669150614,71.4390243902439,71.9268292682927,54.4425,31.3972,81.553,27.6012
"Flirtea CHERRY Can 0.33 Liter","Flirtea","CHERRY","0.33","Can","Total Market","MAT 2YA",0,0,0,0,0,0,0,0,0
"Flirtea CHERRY Can 0.33 Liter","Flirtea","CHERRY","0.33","Can","Total Market","MAT YA",8.1329,4.7138,1.72533836819551,26,16,5.9507,2.1822,3.5604,1.1534
"Flirtea CHERRY Can 0.33 Liter","Flirtea","CHERRY","0.33","Can","Total Market","MAT",268.1369,146.662,1.82826430840981,41.8076923076923,25.9038461538462,112.848,155.2889,69.7804,76.8816
"Flirtea CHERRY Can 0.33 Liter","Flirtea","CHERRY","0.33","Can","Retailer A","MAT 2YA",0,0,0,0,0,0,0,0,0
"Flirtea CHERRY Can 0.33 Liter","Flirtea","CHERRY","0.33","Can","Retailer A","MAT YA",0,0,0,0,0,0,0,0,0
"Flirtea CHERRY Can 0.33 Liter","Flirtea","CHERRY","0.33","Can","Retailer A","MAT",0,0,0,0,0,0,0,0,0
"Flirtea CHERRY Can 0.33 Liter","Flirtea","CHERRY","0.33","Can","Retailer B","MAT 2YA",0,0,0,0,0,0,0,0,0
"Flirtea CHERRY Can 0.33 Liter","Flirtea","CHERRY","0.33","Can","Retailer B","MAT YA",1.8369,1.089,1.68677685950413,65,66,1.3814,0.4555,0.8399,0.2491
"Flirtea CHERRY Can 0.33 Liter","Flirtea","CHERRY","0.33","Can","Retailer B","MAT",64.6105,35.8071,1.80440471303177,99.0192307692308,98.9807692307692,29.5191,35.0914,18.6405,17.1666
"Flirtea  CANDY Can 0.33 Liter","Flirtea","CANDY","0.33","Can","Total Market","MAT 2YA",0,0,0,0,0,0,0,0,0
"Flirtea  CANDY Can 0.33 Liter","Flirtea","CANDY","0.33","Can","Total Market","MAT YA",4.94,2.8235,1.74960155834957,24.5,15,3.6169,1.3231,2.1669,0.6566
"Flirtea  CANDY Can 0.33 Liter","Flirtea","CANDY","0.33","Can","Total Market","MAT",115.3854,63.0325,1.83056994407647,40.6923076923077,24.4807692307692,50.8368,64.5486,31.4381,31.5944
"Flirtea  CANDY Can 0.33 Liter","Flirtea","CANDY","0.33","Can","Retailer A","MAT 2YA",0,0,0,0,0,0,0,0,0
"Flirtea  CANDY Can 0.33 Liter","Flirtea","CANDY","0.33","Can","Retailer A","MAT YA",0,0,0,0,0,0,0,0,0
"Flirtea  CANDY Can 0.33 Liter","Flirtea","CANDY","0.33","Can","Retailer A","MAT",0,0,0,0,0,0,0,0,0
"Flirtea  CANDY Can 0.33 Liter","Flirtea","CANDY","0.33","Can","Retailer B","MAT 2YA",0,0,0,0,0,0,0,0,0
"Flirtea  CANDY Can 0.33 Liter","Flirtea","CANDY","0.33","Can","Retailer B","MAT YA",1.0859,0.6283,1.72831449944294,61.5,62,0.8335,0.2524,0.5062,0.1221
"Flirtea  CANDY Can 0.33 Liter","Flirtea","CANDY","0.33","Can","Retailer B","MAT",27.5245,15.2105,1.80957233490023,97.8076923076923,96.7692307692308,12.9001,14.6244,8.057,7.1535
"Flirtea MELONE Can 0.33 Liter","Flirtea","MELONE","0.33","Can","Total Market","MAT 2YA",0,0,0,0,0,0,0,0,0
"Flirtea MELONE Can 0.33 Liter","Flirtea","MELONE","0.33","Can","Total Market","MAT YA",0,0,0,0,0,0,0,0,0
"Flirtea MELONE Can 0.33 Liter","Flirtea","MELONE","0.33","Can","Total Market","MAT",31.8381,15.5708,2.04473116345981,31.6666666666667,22.3333333333333,3.551,28.2871,1.9106,13.6602
"Flirtea MELONE Can 0.33 Liter","Flirtea","MELONE","0.33","Can","Retailer A","MAT 2YA",0,0,0,0,0,0,0,0,0
"Flirtea MELONE Can 0.33 Liter","Flirtea","MELONE","0.33","Can","Retailer A","MAT YA",0,0,0,0,0,0,0,0,0
"Flirtea MELONE Can 0.33 Liter","Flirtea","MELONE","0.33","Can","Retailer A","MAT",27.6834,13.4263,2.06187855179759,80.5,79.8333333333333,1.6801,26.0033,0.8798,12.5465
"Flirtea MELONE Can 0.33 Liter","Flirtea","MELONE","0.33","Can","Retailer B","MAT 2YA",0,0,0,0,0,0,0,0,0
"Flirtea MELONE Can 0.33 Liter","Flirtea","MELONE","0.33","Can","Retailer B","MAT YA",0,0,0,0,0,0,0,0,0
"Flirtea MELONE Can 0.33 Liter","Flirtea","MELONE","0.33","Can","Retailer B","MAT",0,0,0,0,0,0,0,0,0
"Flirtea JUICY MANGO Can 0.33 Liter","Flirtea","JUICY MANGO","0.33","Can","Total Market","MAT 2YA",0,0,0,0,0,0,0,0,0
"Flirtea JUICY MANGO Can 0.33 Liter","Flirtea","JUICY MANGO","0.33","Can","Total Market","MAT YA",0,0,0,0,0,0,0,0,0
"Flirtea JUICY MANGO Can 0.33 Liter","Flirtea","JUICY MANGO","0.33","Can","Total Market","MAT",35.3533,17.2834,2.04550609255123,31.5,22.5,3.719,31.6343,2.005,15.2784
"Flirtea JUICY MANGO Can 0.33 Liter","Flirtea","JUICY MANGO","0.33","Can","Retailer A","MAT 2YA",0,0,0,0,0,0,0,0,0
"Flirtea JUICY MANGO Can 0.33 Liter","Flirtea","JUICY MANGO","0.33","Can","Retailer A","MAT YA",0,0,0,0,0,0,0,0,0
"Flirtea JUICY MANGO Can 0.33 Liter","Flirtea","JUICY MANGO","0.33","Can","Retailer A","MAT",30.9594,15.0078,2.06288729860473,80.6666666666667,80,1.7003,29.2591,0.888,14.1198
"Flirtea JUICY MANGO Can 0.33 Liter","Flirtea","JUICY MANGO","0.33","Can","Retailer B","MAT 2YA",0,0,0,0,0,0,0,0,0
"Flirtea JUICY MANGO Can 0.33 Liter","Flirtea","JUICY MANGO","0.33","Can","Retailer B","MAT YA",0,0,0,0,0,0,0,0,0
"Flirtea JUICY MANGO Can 0.33 Liter","Flirtea","JUICY MANGO","0.33","Can","Retailer B","MAT",0,0,0,0,0,0,0,0,0
"Flirtea RASPERRY Can 0.33 Liter","Flirtea","RASPERRY","0.33","Can","Total Market","MAT 2YA",0,0,0,0,0,0,0,0,0
"Flirtea RASPERRY Can 0.33 Liter","Flirtea","RASPERRY","0.33","Can","Total Market","MAT YA",0,0,0,0,0,0,0,0,0
"Flirtea RASPERRY Can 0.33 Liter","Flirtea","RASPERRY","0.33","Can","Total Market","MAT",13.8129,8.3585,1.65255727702339,29.2,16.8,1.8744,11.9385,1.2226,7.1359
"Flirtea RASPERRY Can 0.33 Liter","Flirtea","RASPERRY","0.33","Can","Retailer A","MAT 2YA",0,0,0,0,0,0,0,0,0
"Flirtea RASPERRY Can 0.33 Liter","Flirtea","RASPERRY","0.33","Can","Retailer A","MAT YA",0,0,0,0,0,0,0,0,0
"Flirtea RASPERRY Can 0.33 Liter","Flirtea","RASPERRY","0.33","Can","Retailer A","MAT",0,0,0,0,0,0,0,0,0
"Flirtea RASPERRY Can 0.33 Liter","Flirtea","RASPERRY","0.33","Can","Retailer B","MAT 2YA",0,0,0,0,0,0,0,0,0
"Flirtea RASPERRY Can 0.33 Liter","Flirtea","RASPERRY","0.33","Can","Retailer B","MAT YA",0,0,0,0,0,0,0,0,0
"Flirtea RASPERRY Can 0.33 Liter","Flirtea","RASPERRY","0.33","Can","Retailer B","MAT",3.956,2.4523,1.61317946417649,82.8,82.2,0.1474,3.8086,0.0951,2.3572
"Flirtea ROOIBOS Glass 0.33 Liter","Flirtea","ROOIBOS","0.33","Glass","Total Market","MAT 2YA",40.8529,9.9102,4.12230832879256,29.2307692307692,13.1346153846154,7.8741,32.9788,2.4228,7.4874
"Flirtea ROOIBOS Glass 0.33 Liter","Flirtea","ROOIBOS","0.33","Glass","Total Market","MAT YA",11.7417,3.8619,3.04039462440767,13.4807692307692,6.75,1.8488,9.8929,0.8239,3.038
"Flirtea ROOIBOS Glass 0.33 Liter","Flirtea","ROOIBOS","0.33","Glass","Total Market","MAT",0.0242,0.0073,3.31506849315069,0.125,0,0,0.0242,0,0.0073
"Flirtea ROOIBOS Glass 0.33 Liter","Flirtea","ROOIBOS","0.33","Glass","Retailer A","MAT 2YA",0,0,0,0,0,0,0,0,0
"Flirtea ROOIBOS Glass 0.33 Liter","Flirtea","ROOIBOS","0.33","Glass","Retailer A","MAT YA",0,0,0,0,0,0,0,0,0
"Flirtea ROOIBOS Glass 0.33 Liter","Flirtea","ROOIBOS","0.33","Glass","Retailer A","MAT",0,0,0,0,0,0,0,0,0
"Flirtea ROOIBOS Glass 0.33 Liter","Flirtea","ROOIBOS","0.33","Glass","Retailer B","MAT 2YA",9.1784,2.2134,4.14674256799494,71,68.2307692307692,1.7672,7.4112,0.5426,1.6708
"Flirtea ROOIBOS Glass 0.33 Liter","Flirtea","ROOIBOS","0.33","Glass","Retailer B","MAT YA",3.0243,1.0028,3.01585560430794,35.3846153846154,34.1730769230769,0.5838,2.4405,0.2527,0.7501
"Flirtea ROOIBOS Glass 0.33 Liter","Flirtea","ROOIBOS","0.33","Glass","Retailer B","MAT",0.0033,0.001,3.3,1.25,1,0,0.0033,0,0.001
"Flirtea WATERMELON Can 0.33 Liter","Flirtea","WATERMELON","0.33","Can","Total Market","MAT 2YA",0,0,0,0,0,0,0,0,0
"Flirtea WATERMELON Can 0.33 Liter","Flirtea","WATERMELON","0.33","Can","Total Market","MAT YA",8.4399,4.7302,1.78425859371697,26,16,6.0846,2.3553,3.5571,1.1731
"Flirtea WATERMELON Can 0.33 Liter","Flirtea","WATERMELON","0.33","Can","Total Market","MAT",265.4214,142.2373,1.86604638867583,41.8653846153846,25.9230769230769,112.0063,153.4151,67.1356,75.1017
"Flirtea WATERMELON Can 0.33 Liter","Flirtea","WATERMELON","0.33","Can","Retailer A","MAT 2YA",0,0,0,0,0,0,0,0,0
"Flirtea WATERMELON Can 0.33 Liter","Flirtea","WATERMELON","0.33","Can","Retailer A","MAT YA",0,0,0,0,0,0,0,0,0
"Flirtea WATERMELON Can 0.33 Liter","Flirtea","WATERMELON","0.33","Can","Retailer A","MAT",0,0,0,0,0,0,0,0,0
"Flirtea WATERMELON Can 0.33 Liter","Flirtea","WATERMELON","0.33","Can","Retailer B","MAT 2YA",0,0,0,0,0,0,0,0,0
"Flirtea WATERMELON Can 0.33 Liter","Flirtea","WATERMELON","0.33","Can","Retailer B","MAT YA",1.8917,1.0778,1.75514937836333,65.5,66.5,1.3981,0.4936,0.8366,0.2412
"Flirtea WATERMELON Can 0.33 Liter","Flirtea","WATERMELON","0.33","Can","Retailer B","MAT",63.5836,34.5888,1.83827134795078,99.5192307692308,99.3846153846154,28.3575,35.2261,17.2074,17.3814
"Flirtea DRACHENFRUCHT PET 0.5 Liter","Flirtea","DRACHENFRUCHT","0.5","PET","Total Market","MAT 2YA",9.4231,9.9595,0.946141874592098,29.5,14.75,7.4919,1.9312,7.9488,2.0107
"Flirtea DRACHENFRUCHT PET 0.5 Liter","Flirtea","DRACHENFRUCHT","0.5","PET","Total Market","MAT YA",221.2004,238.9925,0.925553730765609,38.9807692307692,21.9423076923077,56.5695,164.6309,68.3841,170.6084
"Flirtea DRACHENFRUCHT PET 0.5 Liter","Flirtea","DRACHENFRUCHT","0.5","PET","Total Market","MAT",414.0261,367.6852,1.12603417271079,39.6346153846154,24.0769230769231,115.5927,298.4334,114.8605,252.8247
"Flirtea DRACHENFRUCHT PET 0.5 Liter","Flirtea","DRACHENFRUCHT","0.5","PET","Retailer A","MAT 2YA",0,0,0,0,0,0,0,0,0
"Flirtea DRACHENFRUCHT PET 0.5 Liter","Flirtea","DRACHENFRUCHT","0.5","PET","Retailer A","MAT YA",0,0,0,0,0,0,0,0,0
"Flirtea DRACHENFRUCHT PET 0.5 Liter","Flirtea","DRACHENFRUCHT","0.5","PET","Retailer A","MAT",0,0,0,0,0,0,0,0,0
"Flirtea DRACHENFRUCHT PET 0.5 Liter","Flirtea","DRACHENFRUCHT","0.5","PET","Retailer B","MAT 2YA",2.0646,2.197,0.939736003641329,71.25,72,1.7427,0.3219,1.8575,0.3395
"Flirtea DRACHENFRUCHT PET 0.5 Liter","Flirtea","DRACHENFRUCHT","0.5","PET","Retailer B","MAT YA",46.1912,50.9725,0.906198440335475,98.9615384615385,98.9230769230769,15.8854,30.3058,19.4805,31.492
"Flirtea DRACHENFRUCHT PET 0.5 Liter","Flirtea","DRACHENFRUCHT","0.5","PET","Retailer B","MAT",125.1027,109.936,1.13795935817203,99.6153846153846,99.75,32.9313,92.1714,32.4765,77.4595
"Flirtea PFIRSICH PET 0.5 Liter","Flirtea","PFIRSICH","0.5","PET","Total Market","MAT 2YA",847.1625,888.7338,0.953224126279433,46.0961538461538,29,45.3473,801.8152,53.0096,835.7242
"Flirtea PFIRSICH PET 0.5 Liter","Flirtea","PFIRSICH","0.5","PET","Total Market","MAT YA",1132.348,1227.7876,0.922267011004183,44.7115384615385,29.5384615384615,226.9027,905.4453,279.7977,947.9899
"Flirtea PFIRSICH PET 0.5 Liter","Flirtea","PFIRSICH","0.5","PET","Total Market","MAT",1698.7751,1532.1937,1.10872084906758,43.5769230769231,30.4230769230769,409.3317,1289.4434,408.6886,1123.5051
"Flirtea PFIRSICH PET 0.5 Liter","Flirtea","PFIRSICH","0.5","PET","Retailer A","MAT 2YA",0,0,0,0,0,0,0,0,0
"Flirtea PFIRSICH PET 0.5 Liter","Flirtea","PFIRSICH","0.5","PET","Retailer A","MAT YA",0,0,0,0,0,0,0,0,0
"Flirtea PFIRSICH PET 0.5 Liter","Flirtea","PFIRSICH","0.5","PET","Retailer A","MAT",0,0,0,0,0,0,0,0,0
"Flirtea PFIRSICH PET 0.5 Liter","Flirtea","PFIRSICH","0.5","PET","Retailer B","MAT 2YA",206.0651,212.8055,0.968326006611671,100,100,11.8285,194.2366,13.8075,198.998
"Flirtea PFIRSICH PET 0.5 Liter","Flirtea","PFIRSICH","0.5","PET","Retailer B","MAT YA",277.3222,299.6372,0.92552660350584,100,100,72.1699,205.1523,87.8824,211.7548
"Flirtea PFIRSICH PET 0.5 Liter","Flirtea","PFIRSICH","0.5","PET","Retailer B","MAT",413.4982,371.1408,1.11412757638072,99.9807692307692,100,102.5919,310.9063,101.6866,269.4542
"Flirtea ZITRONE PET 0.5 Liter","Flirtea","ZITRONE","0.5","PET","Total Market","MAT 2YA",622.8138,665.9244,0.935262020733885,51.0576923076923,34.2884615384615,30.7374,592.0764,36.9657,628.9587
"Flirtea ZITRONE PET 0.5 Liter","Flirtea","ZITRONE","0.5","PET","Total Market","MAT YA",738.3602,797.8491,0.925438406836581,45.0769230769231,29.3653846153846,146.4633,591.8969,182.5455,615.3036
"Flirtea ZITRONE PET 0.5 Liter","Flirtea","ZITRONE","0.5","PET","Total Market","MAT",1090.3847,975.2008,1.11811300811074,43.5192307692308,29.6346153846154,241.2458,849.1389,239.3468,735.854
"Flirtea ZITRONE PET 0.5 Liter","Flirtea","ZITRONE","0.5","PET","Retailer A","MAT 2YA",0,0,0,0,0,0,0,0,0
"Flirtea ZITRONE PET 0.5 Liter","Flirtea","ZITRONE","0.5","PET","Retailer A","MAT YA",0,0,0,0,0,0,0,0,0
"Flirtea ZITRONE PET 0.5 Liter","Flirtea","ZITRONE","0.5","PET","Retailer A","MAT",0,0,0,0,0,0,0,0,0
"Flirtea ZITRONE PET 0.5 Liter","Flirtea","ZITRONE","0.5","PET","Retailer B","MAT 2YA",129.5755,133.706,0.969107594274005,100,100,7.1312,122.4443,8.3035,125.4025
"Flirtea ZITRONE PET 0.5 Liter","Flirtea","ZITRONE","0.5","PET","Retailer B","MAT YA",173.7353,187.758,0.92531503318101,100,100,46.1532,127.5821,56.118,131.64
"Flirtea ZITRONE PET 0.5 Liter","Flirtea","ZITRONE","0.5","PET","Retailer B","MAT",254.3587,226.9057,1.12098858688874,100,100,59.8286,194.5301,59.1615,167.7442
"Flirtea GRUEN PET 1 Liter","Flirtea","GRUEN","1","PET","Total Market","MAT 2YA",80.4837,70.2066,1.14638367332986,36.9423076923077,18.25,20.5353,59.9484,19.5624,50.6442
"Flirtea GRUEN PET 1 Liter","Flirtea","GRUEN","1","PET","Total Market","MAT YA",87.5566,76.1326,1.15005398475817,36.2884615384615,19.3269230769231,19.3731,68.1835,18.5989,57.5337
"Flirtea GRUEN PET 1 Liter","Flirtea","GRUEN","1","PET","Total Market","MAT",2.0066,1.8971,1.05771967740235,3.55555555555556,2.38888888888889,0.649,1.3576,0.7338,1.1633
"Flirtea GRUEN PET 1 Liter","Flirtea","GRUEN","1","PET","Retailer A","MAT 2YA",0,0,0,0,0,0,0,0,0
"Flirtea GRUEN PET 1 Liter","Flirtea","GRUEN","1","PET","Retailer A","MAT YA",0,0,0,0,0,0,0,0,0
"Flirtea GRUEN PET 1 Liter","Flirtea","GRUEN","1","PET","Retailer A","MAT",0,0,0,0,0,0,0,0,0
"Flirtea GRUEN PET 1 Liter","Flirtea","GRUEN","1","PET","Retailer B","MAT 2YA",22.5961,19.745,1.14439604963282,90.75,87.9038461538462,6.064,16.5321,5.804,13.941
"Flirtea GRUEN PET 1 Liter","Flirtea","GRUEN","1","PET","Retailer B","MAT YA",21.017,18.307,1.14803080788769,90.8076923076923,88.4807692307692,4.7801,16.2369,4.639,13.668
"Flirtea GRUEN PET 1 Liter","Flirtea","GRUEN","1","PET","Retailer B","MAT",0.4826,0.448,1.07723214285714,18.8947368421053,20.3157894736842,0.1453,0.3373,0.162,0.286
"Flirtea PFIRSICH PET 1 Liter","Flirtea","PFIRSICH","1","PET","Total Market","MAT 2YA",72.2741,63.2223,1.1431741648121,37.9807692307692,19.4807692307692,19.7633,52.5108,18.8952,44.3271
"Flirtea PFIRSICH PET 1 Liter","Flirtea","PFIRSICH","1","PET","Total Market","MAT YA",84.4913,72.9808,1.15771956459781,36.9230769230769,20.1730769230769,17.3623,67.129,16.4357,56.5451
"Flirtea PFIRSICH PET 1 Liter","Flirtea","PFIRSICH","1","PET","Total Market","MAT",9.1397,8.1669,1.11911496406225,7.82926829268293,4.92682926829268,2.3602,6.7795,2.4381,5.7288
"Flirtea PFIRSICH PET 1 Liter","Flirtea","PFIRSICH","1","PET","Retailer A","MAT 2YA",0,0,0,0,0,0,0,0,0
"Flirtea PFIRSICH PET 1 Liter","Flirtea","PFIRSICH","1","PET","Retailer A","MAT YA",0,0,0,0,0,0,0,0,0
"Flirtea PFIRSICH PET 1 Liter","Flirtea","PFIRSICH","1","PET","Retailer A","MAT",0,0,0,0,0,0,0,0,0
"Flirtea PFIRSICH PET 1 Liter","Flirtea","PFIRSICH","1","PET","Retailer B","MAT 2YA",18.4647,16.199,1.13986665843571,92.7692307692308,91.1346153846154,5.3433,13.1214,5.123,11.076
"Flirtea PFIRSICH PET 1 Liter","Flirtea","PFIRSICH","1","PET","Retailer B","MAT YA",19.7568,17.061,1.15800949534025,92.25,91.25,3.9257,15.8311,3.731,13.33
"Flirtea PFIRSICH PET 1 Liter","Flirtea","PFIRSICH","1","PET","Retailer B","MAT",2.2744,2.039,1.11544874938695,31.4814814814815,31.7037037037037,0.6307,1.6437,0.653,1.386
"Flirtea ZITRONE Glass 1 Liter","Flirtea","ZITRONE","1","Glass","Total Market","MAT 2YA",121.7513,161.5469,0.753659154090855,38,19.551724137931,63.625,58.1263,94.7966,66.7503
"Flirtea ZITRONE Glass 1 Liter","Flirtea","ZITRONE","1","Glass","Total Market","MAT YA",243.3211,312.7748,0.777943427667446,37.9230769230769,21.2115384615385,104.6281,138.693,155.6964,157.0784
"Flirtea ZITRONE Glass 1 Liter","Flirtea","ZITRONE","1","Glass","Total Market","MAT",281.8849,297.4405,0.947701809269417,41.3269230769231,24.4615384615385,95.9215,185.9634,117.6574,179.7831
"Flirtea ZITRONE Glass 1 Liter","Flirtea","ZITRONE","1","Glass","Retailer A","MAT 2YA",0,0,0,0,0,0,0,0,0
"Flirtea ZITRONE Glass 1 Liter","Flirtea","ZITRONE","1","Glass","Retailer A","MAT YA",0,0,0,0,0,0,0,0,0
"Flirtea ZITRONE Glass 1 Liter","Flirtea","ZITRONE","1","Glass","Retailer A","MAT",5.9067,5.542,1.06580656802598,51.2,49.3,0.6974,5.2093,0.744,4.798
"Flirtea ZITRONE Glass 1 Liter","Flirtea","ZITRONE","1","Glass","Retailer B","MAT 2YA",44.7318,58.982,0.758397477196433,95.1379310344828,94.0344827586207,23.6693,21.0625,34.841,24.141
"Flirtea ZITRONE Glass 1 Liter","Flirtea","ZITRONE","1","Glass","Retailer B","MAT YA",82.4323,105.61,0.78053498721712,98.8653846153846,98.4807692307692,37.5683,44.864,54.8,50.81
"Flirtea ZITRONE Glass 1 Liter","Flirtea","ZITRONE","1","Glass","Retailer B","MAT",94.2961,99.654,0.946234973006603,98.8076923076923,98.3269230769231,33.3511,60.945,40.628,59.026
"Flirtea ZITRONE PET 1 Liter","Flirtea","ZITRONE","1","PET","Total Market","MAT 2YA",77.835,68.0049,1.1445498780235,37.3269230769231,18.5961538461538,20.8464,56.9886,19.9017,48.1032
"Flirtea ZITRONE PET 1 Liter","Flirtea","ZITRONE","1","PET","Total Market","MAT YA",88.8449,77.0734,1.15273103301528,36.8653846153846,19.6730769230769,19.1893,69.6556,18.3304,58.743
"Flirtea ZITRONE PET 1 Liter","Flirtea","ZITRONE","1","PET","Total Market","MAT",4.8386,4.3964,1.10058229460468,6.24324324324324,4,1.33,3.5086,1.43,2.9664
"Flirtea ZITRONE PET 1 Liter","Flirtea","ZITRONE","1","PET","Retailer A","MAT 2YA",0,0,0,0,0,0,0,0,0
"Flirtea ZITRONE PET 1 Liter","Flirtea","ZITRONE","1","PET","Retailer A","MAT YA",0,0,0,0,0,0,0,0,0
"Flirtea ZITRONE PET 1 Liter","Flirtea","ZITRONE","1","PET","Retailer A","MAT",0,0,0,0,0,0,0,0,0
"Flirtea ZITRONE PET 1 Liter","Flirtea","ZITRONE","1","PET","Retailer B","MAT 2YA",21.4904,18.733,1.14719478994288,92.0192307692308,89.2884615384615,5.865,15.6254,5.575,13.158
"Flirtea ZITRONE PET 1 Liter","Flirtea","ZITRONE","1","PET","Retailer B","MAT YA",20.456,17.714,1.15479281923902,92.0192307692308,90.1923076923077,4.2036,16.2524,4.034,13.68
"Flirtea ZITRONE PET 1 Liter","Flirtea","ZITRONE","1","PET","Retailer B","MAT",0.9811,0.893,1.0986562150056,20.6428571428571,21.2142857142857,0.2593,0.7218,0.281,0.612
"Flirtea DRACHENFRUCHT PET 1.5 Liter","Flirtea","DRACHENFRUCHT","1.5","PET","Total Market","MAT 2YA",20.1217,46.1207,0.436283490927067,32.25,16.5,15.9506,4.1711,37.4773,8.6434
"Flirtea DRACHENFRUCHT PET 1.5 Liter","Flirtea","DRACHENFRUCHT","1.5","PET","Total Market","MAT YA",338.5744,633.4421,0.534499364661742,39.8269230769231,23.5576923076923,111.3154,227.259,270.9659,362.4762
"Flirtea DRACHENFRUCHT PET 1.5 Liter","Flirtea","DRACHENFRUCHT","1.5","PET","Total Market","MAT",491.7835,826.2569,0.595194424397545,39.5384615384615,25.0384615384615,250.3953,241.3882,509.1177,317.1392
"Flirtea DRACHENFRUCHT PET 1.5 Liter","Flirtea","DRACHENFRUCHT","1.5","PET","Retailer A","MAT 2YA",0,0,0,0,0,0,0,0,0
"Flirtea DRACHENFRUCHT PET 1.5 Liter","Flirtea","DRACHENFRUCHT","1.5","PET","Retailer A","MAT YA",0,0,0,0,0,0,0,0,0
"Flirtea DRACHENFRUCHT PET 1.5 Liter","Flirtea","DRACHENFRUCHT","1.5","PET","Retailer A","MAT",0,0,0,0,0,0,0,0,0
"Flirtea DRACHENFRUCHT PET 1.5 Liter","Flirtea","DRACHENFRUCHT","1.5","PET","Retailer B","MAT 2YA",6.0584,14.4705,0.418672471580111,75.75,77,4.8882,1.1702,12.144,2.3265
"Flirtea DRACHENFRUCHT PET 1.5 Liter","Flirtea","DRACHENFRUCHT","1.5","PET","Retailer B","MAT YA",92.6252,178.9719,0.517540463055932,99.1538461538462,99.2115384615385,32.3821,60.2431,82.7384,96.2335
"Flirtea DRACHENFRUCHT PET 1.5 Liter","Flirtea","DRACHENFRUCHT","1.5","PET","Retailer B","MAT",140.7953,248.4779,0.566631076647058,99.8076923076923,99.8653846153846,79.0121,61.7832,167.7678,80.7101
"Flirtea MANGO Carton 1.5 Liter","Flirtea","MANGO","1.5","Carton","Total Market","MAT 2YA",0,0,0,0,0,0,0,0,0
"Flirtea MANGO Carton 1.5 Liter","Flirtea","MANGO","1.5","Carton","Total Market","MAT YA",0,0,0,0,0,0,0,0,0
"Flirtea MANGO Carton 1.5 Liter","Flirtea","MANGO","1.5","Carton","Total Market","MAT",1.7652,1.3902,1.2697453603798,0,1.07692307692308,0.1351,1.6301,0.1308,1.2594
"Flirtea MANGO Carton 1.5 Liter","Flirtea","MANGO","1.5","Carton","Retailer A","MAT 2YA",0,0,0,0,0,0,0,0,0
"Flirtea MANGO Carton 1.5 Liter","Flirtea","MANGO","1.5","Carton","Retailer A","MAT YA",0,0,0,0,0,0,0,0,0
"Flirtea MANGO Carton 1.5 Liter","Flirtea","MANGO","1.5","Carton","Retailer A","MAT",0,0,0,0,0,0,0,0,0
"Flirtea MANGO Carton 1.5 Liter","Flirtea","MANGO","1.5","Carton","Retailer B","MAT 2YA",0,0,0,0,0,0,0,0,0
"Flirtea MANGO Carton 1.5 Liter","Flirtea","MANGO","1.5","Carton","Retailer B","MAT YA",0,0,0,0,0,0,0,0,0
"Flirtea MANGO Carton 1.5 Liter","Flirtea","MANGO","1.5","Carton","Retailer B","MAT",0,0,0,0,0,0,0,0,0
"Flirtea PFIRSICH PET 1.5 Liter","Flirtea","PFIRSICH","1.5","PET","Total Market","MAT 2YA",2901.8827,7349.5906,0.394835965420986,91.3269230769231,73.7692307692308,602.7697,2299.113,1611.5745,5738.0161
"Flirtea PFIRSICH PET 1.5 Liter","Flirtea","PFIRSICH","1.5","PET","Total Market","MAT YA",3138.9071,7572.2303,0.414528741948062,91.0769230769231,74.6346153846154,607.0481,2531.859,1521.0037,6051.2266
"Flirtea PFIRSICH PET 1.5 Liter","Flirtea","PFIRSICH","1.5","PET","Total Market","MAT",4264.6504,8207.1516,0.519626127047537,91.0576923076923,75,1072.2336,3192.4168,2246.7999,5960.3517
"Flirtea PFIRSICH PET 1.5 Liter","Flirtea","PFIRSICH","1.5","PET","Retailer A","MAT 2YA",929.7131,2673.9405,0.347694011889943,100,99.25,63.8446,865.8685,210.4665,2463.474
"Flirtea PFIRSICH PET 1.5 Liter","Flirtea","PFIRSICH","1.5","PET","Retailer A","MAT YA",897.7476,2464.4854,0.364273856116169,99.3461538461538,98.9807692307692,107.4697,790.2779,285.9439,2178.5415
"Flirtea PFIRSICH PET 1.5 Liter","Flirtea","PFIRSICH","1.5","PET","Retailer A","MAT",987.3216,2123.8945,0.46486376795081,98.9038461538462,98.8846153846154,86.8385,900.4831,222.7852,1901.1093
"Flirtea PFIRSICH PET 1.5 Liter","Flirtea","PFIRSICH","1.5","PET","Retailer B","MAT 2YA",387.6345,921.3178,0.420739184676558,100,100,135.6356,251.9989,369.5114,551.8064
"Flirtea PFIRSICH PET 1.5 Liter","Flirtea","PFIRSICH","1.5","PET","Retailer B","MAT YA",384.0763,871.5992,0.440657012994046,100,100,103.0545,281.0218,265.3684,606.2308
"Flirtea PFIRSICH PET 1.5 Liter","Flirtea","PFIRSICH","1.5","PET","Retailer B","MAT",566.8991,1064.4935,0.532552899571486,100,100,269.4846,297.4145,581.9427,482.5508
"Flirtea ZITRONE PET 1.5 Liter","Flirtea","ZITRONE","1.5","PET","Total Market","MAT 2YA",1604.8643,4115.3666,0.389968733283688,91.3269230769231,73.1346153846154,361.9711,1242.8932,982.05,3133.3166
"Flirtea ZITRONE PET 1.5 Liter","Flirtea","ZITRONE","1.5","PET","Total Market","MAT YA",1526.8863,3651.5856,0.418143367637335,90.9230769230769,73.8846153846154,297.4581,1229.4282,750.9099,2900.6757
"Flirtea ZITRONE PET 1.5 Liter","Flirtea","ZITRONE","1.5","PET","Total Market","MAT",1939.5163,3657.0136,0.530355233024017,90.9230769230769,74.4423076923077,585.3636,1354.1527,1227.0763,2429.9373
"Flirtea ZITRONE PET 1.5 Liter","Flirtea","ZITRONE","1.5","PET","Retailer A","MAT 2YA",298.5416,867.339799999999,0.344203736528637,99.9038461538462,99.0192307692308,20.118,278.4236,68.2935,799.046299999999
"Flirtea ZITRONE PET 1.5 Liter","Flirtea","ZITRONE","1.5","PET","Retailer A","MAT YA",305.4809,836.558999999999,0.365163604718855,99.1923076923077,98.9615384615385,39.0023,266.4786,103.8212,732.737799999999
"Flirtea ZITRONE PET 1.5 Liter","Flirtea","ZITRONE","1.5","PET","Retailer A","MAT",376.2028,779.804799999999,0.482432013755238,98.8269230769231,98.9230769230769,31.5866,344.6162,72.9558,706.848999999999
"Flirtea ZITRONE PET 1.5 Liter","Flirtea","ZITRONE","1.5","PET","Retailer B","MAT 2YA",223.0801,523.1457,0.426420593727522,100,100,81.035,142.0451,220.6333,302.5124
"Flirtea ZITRONE PET 1.5 Liter","Flirtea","ZITRONE","1.5","PET","Retailer B","MAT YA",220.4466,490.9375,0.44903190324634,100,100,57.3492,163.0974,148.0777,342.8598
"Flirtea ZITRONE PET 1.5 Liter","Flirtea","ZITRONE","1.5","PET","Retailer B","MAT",336.9785,626.744,0.537665298750366,100,100,153.8615,183.117,330.7129,296.0311
"Bali Sun BLUEBERRY Can 0.5 Liter","Bali Sun","BLUEBERRY","0.5","Can","Total Market","MAT 2YA",0,0,0,0,0,0,0,0,0
"Bali Sun BLUEBERRY Can 0.5 Liter","Bali Sun","BLUEBERRY","0.5","Can","Total Market","MAT YA",912.3072,302.1881,3.01900438832634,51.4615384615385,39.6923076923077,358.7105,553.5967,129.0902,173.0979
"Bali Sun BLUEBERRY Can 0.5 Liter","Bali Sun","BLUEBERRY","0.5","Can","Total Market","MAT",338.7556,143.5341,2.36010536868939,68.3076923076923,47.0961538461538,132.8529,205.9027,74.0497,69.4844
"Bali Sun BLUEBERRY Can 0.5 Liter","Bali Sun","BLUEBERRY","0.5","Can","Retailer A","MAT 2YA",0,0,0,0,0,0,0,0,0
"Bali Sun BLUEBERRY Can 0.5 Liter","Bali Sun","BLUEBERRY","0.5","Can","Retailer A","MAT YA",393.3537,139.71,2.81550139574834,95.5483870967742,95.0645161290323,241.7036,151.6501,87.7125,51.9975
"Bali Sun BLUEBERRY Can 0.5 Liter","Bali Sun","BLUEBERRY","0.5","Can","Retailer A","MAT",119.5784,61.76,1.93617875647668,53.1153846153846,52.6153846153846,74.7081,44.8703,44.8135,16.9465
"Bali Sun BLUEBERRY Can 0.5 Liter","Bali Sun","BLUEBERRY","0.5","Can","Retailer B","MAT 2YA",0,0,0,0,0,0,0,0,0
"Bali Sun BLUEBERRY Can 0.5 Liter","Bali Sun","BLUEBERRY","0.5","Can","Retailer B","MAT YA",75.8132,24.235,3.1282525273365,60.08,59.74,8.5097,67.3035,2.911,21.324
"Bali Sun BLUEBERRY Can 0.5 Liter","Bali Sun","BLUEBERRY","0.5","Can","Retailer B","MAT",40.149,13.111,3.06223781557471,97.5961538461538,96.8269230769231,6.4505,33.6985,2.4775,10.6335
"Bali Sun CANDY Can 0.5 Liter","Bali Sun","CANDY","0.5","Can","Total Market","MAT 2YA",0,0,0,0,0,0,0,0,0
"Bali Sun CANDY Can 0.5 Liter","Bali Sun","CANDY","0.5","Can","Total Market","MAT YA",380.6182,117.7243,3.23313198719381,29.5769230769231,20.9423076923077,109.1374,271.4808,38.7103,79.014
"Bali Sun CANDY Can 0.5 Liter","Bali Sun","CANDY","0.5","Can","Total Market","MAT",114.2596,52.3667,2.18191331514111,28.8846153846154,21.0192307692308,62.4909,51.7687,34.1234,18.2433
"Bali Sun CANDY Can 0.5 Liter","Bali Sun","CANDY","0.5","Can","Retailer A","MAT 2YA",0,0,0,0,0,0,0,0,0
"Bali Sun CANDY Can 0.5 Liter","Bali Sun","CANDY","0.5","Can","Retailer A","MAT YA",44.2201,15.8,2.79874050632911,28.6666666666667,27,19.9426,24.2775,7.388,8.412
"Bali Sun CANDY Can 0.5 Liter","Bali Sun","CANDY","0.5","Can","Retailer A","MAT",59.1563,28.03,2.11046378879772,37.7692307692308,37.4230769230769,36.5498,22.6065,19.8715,8.1585
"Bali Sun CANDY Can 0.5 Liter","Bali Sun","CANDY","0.5","Can","Retailer B","MAT 2YA",0,0,0,0,0,0,0,0,0
"Bali Sun CANDY Can 0.5 Liter","Bali Sun","CANDY","0.5","Can","Retailer B","MAT YA",65.0128,20.6215,3.15267075624955,58.7,58.6,6.0054,59.0074,2.033,18.5885
"Bali Sun CANDY Can 0.5 Liter","Bali Sun","CANDY","0.5","Can","Retailer B","MAT",13.4736,4.776,2.82110552763819,46.5384615384615,46.8076923076923,3.6873,9.7863,1.4825,3.2935
"Bali Sun MANGO Can 0.5 Liter","Bali Sun","MANGO","0.5","Can","Total Market","MAT 2YA",0,0,0,0,0,0,0,0,0
"Bali Sun MANGO Can 0.5 Liter","Bali Sun","MANGO","0.5","Can","Total Market","MAT YA",93.1074,33.3922,2.7882978659687,15.3684210526316,10.1578947368421,30.881,62.2264,11.5005,21.8917
"Bali Sun MANGO Can 0.5 Liter","Bali Sun","MANGO","0.5","Can","Total Market","MAT",159.0701,58.3448,2.7263800715745,30.2692307692308,24.0576923076923,52.4236,106.6465,24.0665,34.2783
"Bali Sun MANGO Can 0.5 Liter","Bali Sun","MANGO","0.5","Can","Retailer A","MAT 2YA",0,0,0,0,0,0,0,0,0
"Bali Sun MANGO Can 0.5 Liter","Bali Sun","MANGO","0.5","Can","Retailer A","MAT YA",0.5727,0.1985,2.88513853904282,0.111111111111111,0,0.0894,0.4833,0.0315,0.167
"Bali Sun MANGO Can 0.5 Liter","Bali Sun","MANGO","0.5","Can","Retailer A","MAT",106.0458,37.022,2.86439954621576,55.9230769230769,54.2115384615385,30.7216,75.3242,13.351,23.671
"Bali Sun MANGO Can 0.5 Liter","Bali Sun","MANGO","0.5","Can","Retailer B","MAT 2YA",0,0,0,0,0,0,0,0,0
"Bali Sun MANGO Can 0.5 Liter","Bali Sun","MANGO","0.5","Can","Retailer B","MAT YA",0,0,0,0,0,0,0,0,0
"Bali Sun MANGO Can 0.5 Liter","Bali Sun","MANGO","0.5","Can","Retailer B","MAT",0.0213,0.006,3.55,0.875,0,0,0.0213,0,0.006
"Bali Sun ANANAS Can 0.5 Liter","Bali Sun","ANANAS","0.5","Can","Total Market","MAT 2YA",0,0,0,0,0,0,0,0,0
"Bali Sun ANANAS Can 0.5 Liter","Bali Sun","ANANAS","0.5","Can","Total Market","MAT YA",0,0,0,0,0,0,0,0,0
"Bali Sun ANANAS Can 0.5 Liter","Bali Sun","ANANAS","0.5","Can","Total Market","MAT",97.7254,36.76,2.65847116430903,33.1,23.25,74.0908,23.6346,29.348,7.412
"Bali Sun ANANAS Can 0.5 Liter","Bali Sun","ANANAS","0.5","Can","Retailer A","MAT 2YA",0,0,0,0,0,0,0,0,0
"Bali Sun ANANAS Can 0.5 Liter","Bali Sun","ANANAS","0.5","Can","Retailer A","MAT YA",0,0,0,0,0,0,0,0,0
"Bali Sun ANANAS Can 0.5 Liter","Bali Sun","ANANAS","0.5","Can","Retailer A","MAT",77.7934,28.9955,2.68294735389974,80.5,79.65,59.155,18.6384,23.2255,5.77
"Bali Sun ANANAS Can 0.5 Liter","Bali Sun","ANANAS","0.5","Can","Retailer B","MAT 2YA",0,0,0,0,0,0,0,0,0
"Bali Sun ANANAS Can 0.5 Liter","Bali Sun","ANANAS","0.5","Can","Retailer B","MAT YA",0,0,0,0,0,0,0,0,0
"Bali Sun ANANAS Can 0.5 Liter","Bali Sun","ANANAS","0.5","Can","Retailer B","MAT",0,0,0,0,0,0,0,0,0
"Bali Sun WET PEACH Can 0.5 Liter","Bali Sun","WET PEACH","0.5","Can","Total Market","MAT 2YA",0,0,0,0,0,0,0,0,0
"Bali Sun WET PEACH Can 0.5 Liter","Bali Sun","WET PEACH","0.5","Can","Total Market","MAT YA",1242.1755,418.6062,2.9674082705894,51.1923076923077,39.25,492.3167,749.858800000001,178.2359,240.3703
"Bali Sun WET PEACH Can 0.5 Liter","Bali Sun","WET PEACH","0.5","Can","Total Market","MAT",692.9241,255.3809,2.7132964916327,83.6153846153846,62.2884615384615,250.7778,442.1463,112.2262,143.1547
"Bali Sun WET PEACH Can 0.5 Liter","Bali Sun","WET PEACH","0.5","Can","Retailer A","MAT 2YA",0,0,0,0,0,0,0,0,0
"Bali Sun WET PEACH Can 0.5 Liter","Bali Sun","WET PEACH","0.5","Can","Retailer A","MAT YA",555.4059,197.8635,2.80701544246412,95.8387096774194,95.6774193548387,332.7939,222.612,121.2995,76.564
"Bali Sun WET PEACH Can 0.5 Liter","Bali Sun","WET PEACH","0.5","Can","Retailer A","MAT",353.4002,129.082,2.73779612959204,97.1923076923077,96.7115384615385,161.2972,192.103,66.8705,62.2115
"Bali Sun WET PEACH Can 0.5 Liter","Bali Sun","WET PEACH","0.5","Can","Retailer B","MAT 2YA",0,0,0,0,0,0,0,0,0
"Bali Sun WET PEACH Can 0.5 Liter","Bali Sun","WET PEACH","0.5","Can","Retailer B","MAT YA",99.7415,32.423,3.07625759491719,59.86,59.24,9.7536,89.9879,3.3685,29.0545
"Bali Sun WET PEACH Can 0.5 Liter","Bali Sun","WET PEACH","0.5","Can","Retailer B","MAT",58.1836,18.797,3.09536628185349,96.9615384615385,96.6346153846154,8.7752,49.4084,3.206,15.591
"Bali Sun KAKTUSFEIGE Can 0.5 Liter","Bali Sun","KAKTUSFEIGE","0.5","Can","Total Market","MAT 2YA",0,0,0,0,0,0,0,0,0
"Bali Sun KAKTUSFEIGE Can 0.5 Liter","Bali Sun","KAKTUSFEIGE","0.5","Can","Total Market","MAT YA",0,0,0,0,0,0,0,0,0
"Bali Sun KAKTUSFEIGE Can 0.5 Liter","Bali Sun","KAKTUSFEIGE","0.5","Can","Total Market","MAT",1.6902,0.2942,5.7450713800136,0,0.4,0.1632,1.527,0.0325,0.2617
"Bali Sun KAKTUSFEIGE Can 0.5 Liter","Bali Sun","KAKTUSFEIGE","0.5","Can","Retailer A","MAT 2YA",0,0,0,0,0,0,0,0,0
"Bali Sun KAKTUSFEIGE Can 0.5 Liter","Bali Sun","KAKTUSFEIGE","0.5","Can","Retailer A","MAT YA",0,0,0,0,0,0,0,0,0
"Bali Sun KAKTUSFEIGE Can 0.5 Liter","Bali Sun","KAKTUSFEIGE","0.5","Can","Retailer A","MAT",0,0,0,0,0,0,0,0,0
"Bali Sun KAKTUSFEIGE Can 0.5 Liter","Bali Sun","KAKTUSFEIGE","0.5","Can","Retailer B","MAT 2YA",0,0,0,0,0,0,0,0,0
"Bali Sun KAKTUSFEIGE Can 0.5 Liter","Bali Sun","KAKTUSFEIGE","0.5","Can","Retailer B","MAT YA",0,0,0,0,0,0,0,0,0
"Bali Sun KAKTUSFEIGE Can 0.5 Liter","Bali Sun","KAKTUSFEIGE","0.5","Can","Retailer B","MAT",0.0688,0.012,5.73333333333333,0,0,0.0081,0.0607,0.0015,0.0105
"Bali Sun LIMONE Can 0.5 Liter","Bali Sun","LIMONE","0.5","Can","Total Market","MAT 2YA",0,0,0,0,0,0,0,0,0
"Bali Sun LIMONE Can 0.5 Liter","Bali Sun","LIMONE","0.5","Can","Total Market","MAT YA",4.19,0.8887,4.71475188477551,0.833333333333333,1.20833333333333,0.2931,3.8969,0.068,0.8207
"Bali Sun LIMONE Can 0.5 Liter","Bali Sun","LIMONE","0.5","Can","Total Market","MAT",1.3638,0.3059,4.45831971232429,0.465116279069767,0.651162790697674,0.1562,1.2076,0.05,0.2559
"Bali Sun LIMONE Can 0.5 Liter","Bali Sun","LIMONE","0.5","Can","Retailer A","MAT 2YA",0,0,0,0,0,0,0,0,0
"Bali Sun LIMONE Can 0.5 Liter","Bali Sun","LIMONE","0.5","Can","Retailer A","MAT YA",0,0,0,0,0,0,0,0,0
"Bali Sun LIMONE Can 0.5 Liter","Bali Sun","LIMONE","0.5","Can","Retailer A","MAT",0,0,0,0,0,0,0,0,0
"Bali Sun LIMONE Can 0.5 Liter","Bali Sun","LIMONE","0.5","Can","Retailer B","MAT 2YA",0,0,0,0,0,0,0,0,0
"Bali Sun LIMONE Can 0.5 Liter","Bali Sun","LIMONE","0.5","Can","Retailer B","MAT YA",0.3148,0.0635,4.95748031496063,0,0,0,0.3148,0,0.0635
"Bali Sun LIMONE Can 0.5 Liter","Bali Sun","LIMONE","0.5","Can","Retailer B","MAT",0.0875,0.018,4.86111111111111,0,0,0.0056,0.0819,0.0015,0.0165
"DekolleTEA ZITRONE Glass 0.33 Liter","DekolleTEA","ZITRONE","0.33","Glass","Total Market","MAT 2YA",2830.371,714.1731,3.96314422931919,89.0961538461538,64.9230769230769,648.6107,2181.7603,189.4034,524.7697
"DekolleTEA ZITRONE Glass 0.33 Liter","DekolleTEA","ZITRONE","0.33","Glass","Total Market","MAT YA",3058.2569,765.7434,3.99384036480105,89.3269230769231,67.1923076923077,653.5914,2404.6655,187.564,578.1794
"DekolleTEA ZITRONE Glass 0.33 Liter","DekolleTEA","ZITRONE","0.33","Glass","Total Market","MAT",3318.6481,773.4529,4.2906919089708,89.3461538461538,68.9038461538462,609.3216,2709.3265,163.6221,609.8308
"DekolleTEA ZITRONE Glass 0.33 Liter","DekolleTEA","ZITRONE","0.33","Glass","Retailer A","MAT 2YA",734.7527,182.8561,4.01820174443182,98.9807692307692,98.0769230769231,162.729,572.0237,45.5514,137.3047
"DekolleTEA ZITRONE Glass 0.33 Liter","DekolleTEA","ZITRONE","0.33","Glass","Retailer A","MAT YA",838.6101,205.8227,4.07442959401465,99.0384615384615,98.3846153846154,133.5026,705.1075,36.6059,169.2168
"DekolleTEA ZITRONE Glass 0.33 Liter","DekolleTEA","ZITRONE","0.33","Glass","Retailer A","MAT",926.484,208.2003,4.44996476950321,98.9038461538462,98.3846153846154,75.8803,850.6037,19.0061,189.1942
"DekolleTEA ZITRONE Glass 0.33 Liter","DekolleTEA","ZITRONE","0.33","Glass","Retailer B","MAT 2YA",300.2358,75.5341,3.97483785469079,98,97.9615384615385,57.278,242.9578,17.153,58.3811
"DekolleTEA ZITRONE Glass 0.33 Liter","DekolleTEA","ZITRONE","0.33","Glass","Retailer B","MAT YA",329.5211,82.5538,3.99159214960426,98.9038461538462,98.2115384615385,57.8615,271.6596,17.3723,65.1815
"DekolleTEA ZITRONE Glass 0.33 Liter","DekolleTEA","ZITRONE","0.33","Glass","Retailer B","MAT",366.4335,86.1518,4.25334699913409,98.9230769230769,98.0576923076923,66.9287,299.5048,18.7369,67.4149
"EnerTEA VANILLE Carton 0.75 Liter","EnerTEA","VANILLE","0.75","Carton","Total Market","MAT 2YA",436.0005,201.9354,2.1591088041027,47.8571428571429,32.1428571428571,354.7545,81.246,166.2933,35.6421
"EnerTEA VANILLE Carton 0.75 Liter","EnerTEA","VANILLE","0.75","Carton","Total Market","MAT YA",1102.0705,614.6891,1.79289091021787,75.6153846153846,55.8653846153846,828.2961,273.7744,492.3112,122.3779
"EnerTEA VANILLE Carton 0.75 Liter","EnerTEA","VANILLE","0.75","Carton","Total Market","MAT",44.4077,93.1682,0.476640098230941,11.1428571428571,8.79591836734694,38.3962,6.01149999999999,87.466,5.7022
"EnerTEA VANILLE Carton 0.75 Liter","EnerTEA","VANILLE","0.75","Carton","Retailer A","MAT 2YA",1.8728,0.8243,2.2719883537547,12,12,0,1.8728,0,0.8243
"EnerTEA VANILLE Carton 0.75 Liter","EnerTEA","VANILLE","0.75","Carton","Retailer A","MAT YA",294.9795,143.9589,2.04905358404378,61.0769230769231,63.75,223.9802,70.9993,112.3304,31.6285
"EnerTEA VANILLE Carton 0.75 Liter","EnerTEA","VANILLE","0.75","Carton","Retailer A","MAT",2.523,2.8841,0.874796296938386,6.54545454545455,7.18181818181818,1.1069,1.4161,1.6816,1.2025
"EnerTEA VANILLE Carton 0.75 Liter","EnerTEA","VANILLE","0.75","Carton","Retailer B","MAT 2YA",103.0374,48.0617,2.14385675080157,84.4285714285714,84.2857142857143,92.4864,10.551,43.3563,4.70539999999999
"EnerTEA VANILLE Carton 0.75 Liter","EnerTEA","VANILLE","0.75","Carton","Retailer B","MAT YA",158.4547,102.5852,1.54461559757158,99.0961538461538,99.4807692307692,130.1807,28.274,89.7431,12.8421
"EnerTEA VANILLE Carton 0.75 Liter","EnerTEA","VANILLE","0.75","Carton","Retailer B","MAT",8.0355,19.9017,0.403759477833552,29.0967741935484,29.1935483870968,7.5175,0.518,19.3878,0.513900000000001
"EnerTEA GUAVE Carton 0.75 Liter","EnerTEA","GUAVE","0.75","Carton","Total Market","MAT 2YA",0,0,0,0,0,0,0,0,0
"EnerTEA GUAVE Carton 0.75 Liter","EnerTEA","GUAVE","0.75","Carton","Total Market","MAT YA",0,0,0,0,0,0,0,0,0
"EnerTEA GUAVE Carton 0.75 Liter","EnerTEA","GUAVE","0.75","Carton","Total Market","MAT",316.999,139.9322,2.26537566049844,38.5952380952381,24.547619047619,97.8003,219.1987,48.5734,91.3588
"EnerTEA GUAVE Carton 0.75 Liter","EnerTEA","GUAVE","0.75","Carton","Retailer A","MAT 2YA",0,0,0,0,0,0,0,0,0
"EnerTEA GUAVE Carton 0.75 Liter","EnerTEA","GUAVE","0.75","Carton","Retailer A","MAT YA",0,0,0,0,0,0,0,0,0
"EnerTEA GUAVE Carton 0.75 Liter","EnerTEA","GUAVE","0.75","Carton","Retailer A","MAT",0,0,0,0,0,0,0,0,0
"EnerTEA GUAVE Carton 0.75 Liter","EnerTEA","GUAVE","0.75","Carton","Retailer B","MAT 2YA",0,0,0,0,0,0,0,0,0
"EnerTEA GUAVE Carton 0.75 Liter","EnerTEA","GUAVE","0.75","Carton","Retailer B","MAT YA",0,0,0,0,0,0,0,0,0
"EnerTEA GUAVE Carton 0.75 Liter","EnerTEA","GUAVE","0.75","Carton","Retailer B","MAT",67.2572,30.9137,2.17564380840857,92.7380952380952,92.452380952381,30.6375,36.6197,15.6806,15.2331
"EnerTEA GRANATAPFEL Carton 0.75 Liter","EnerTEA","GRANATAPFEL","0.75","Carton","Total Market","MAT 2YA",1042.4009,455.3079,2.28944171625399,35.9166666666667,23.0833333333333,537.4736,504.9273,242.3294,212.9785
"EnerTEA GRANATAPFEL Carton 0.75 Liter","EnerTEA","GRANATAPFEL","0.75","Carton","Total Market","MAT YA",782.47,447.8585,1.74713665142004,57.5961538461538,43.9423076923077,583.7718,198.6982,360.6468,87.2117
"EnerTEA GRANATAPFEL Carton 0.75 Liter","EnerTEA","GRANATAPFEL","0.75","Carton","Total Market","MAT",200.9274,372.1583,0.539897672576428,48.3076923076923,32.6153846153846,103.9732,96.9542,221.4474,150.7109
"EnerTEA GRANATAPFEL Carton 0.75 Liter","EnerTEA","GRANATAPFEL","0.75","Carton","Retailer A","MAT 2YA",0,0,0,0,0,0,0,0,0
"EnerTEA GRANATAPFEL Carton 0.75 Liter","EnerTEA","GRANATAPFEL","0.75","Carton","Retailer A","MAT YA",0.1201,0.0527,2.27893738140417,0,0,0.0279,0.0922,0.0129,0.0398
"EnerTEA GRANATAPFEL Carton 0.75 Liter","EnerTEA","GRANATAPFEL","0.75","Carton","Retailer A","MAT",0.4195,0.7193,0.583205894619769,0.540540540540541,0,0.0678,0.3517,0.1215,0.5978
"EnerTEA GRANATAPFEL Carton 0.75 Liter","EnerTEA","GRANATAPFEL","0.75","Carton","Retailer B","MAT 2YA",302.157,131.2625,2.30192934006285,82,81.2380952380952,149.2623,152.8947,66.1608,65.1017
"EnerTEA GRANATAPFEL Carton 0.75 Liter","EnerTEA","GRANATAPFEL","0.75","Carton","Retailer B","MAT YA",179.7852,112.7739,1.59420929842809,99.7115384615385,99.8461538461538,149.9823,29.8029,99.3654,13.4085
"EnerTEA GRANATAPFEL Carton 0.75 Liter","EnerTEA","GRANATAPFEL","0.75","Carton","Retailer B","MAT",42.4763,83.6937,0.507520876720709,95.9230769230769,95.3076923076923,26.0317,16.4446,58.0878,25.6059
"EnerTEA PFIRSICH Carton 0.75 Liter","EnerTEA","PFIRSICH","0.75","Carton","Total Market","MAT 2YA",1523.175,663.6854,2.29502562509285,45.9166666666667,31.125,746.5874,776.5876,335.7828,327.9026
"EnerTEA PFIRSICH Carton 0.75 Liter","EnerTEA","PFIRSICH","0.75","Carton","Total Market","MAT YA",1357.3418,737.697,1.83997196681022,79.2115384615385,62.5,928.2949,429.0469,552.2448,185.4522
"EnerTEA PFIRSICH Carton 0.75 Liter","EnerTEA","PFIRSICH","0.75","Carton","Total Market","MAT",541.4436,937.9667,0.577252476020737,81.4038461538462,59.5576923076923,241.3751,300.0685,478.4899,459.4768
"EnerTEA PFIRSICH Carton 0.75 Liter","EnerTEA","PFIRSICH","0.75","Carton","Retailer A","MAT 2YA",0,0,0,0,0,0,0,0,0
"EnerTEA PFIRSICH Carton 0.75 Liter","EnerTEA","PFIRSICH","0.75","Carton","Retailer A","MAT YA",221.9476,100.0788,2.21772842999716,91.5384615384615,89.8974358974359,87.6783,134.2693,43.2294,56.8494
"EnerTEA PFIRSICH Carton 0.75 Liter","EnerTEA","PFIRSICH","0.75","Carton","Retailer A","MAT",176.6155,284.7668,0.620210993697299,91.5384615384615,89.9038461538462,64.4409,112.1746,119.1243,165.6425
"EnerTEA PFIRSICH Carton 0.75 Liter","EnerTEA","PFIRSICH","0.75","Carton","Retailer B","MAT 2YA",337.4966,147.2481,2.29202685807151,98.4285714285714,97.952380952381,182.6622,154.8344,81.314,65.9341
"EnerTEA PFIRSICH Carton 0.75 Liter","EnerTEA","PFIRSICH","0.75","Carton","Retailer B","MAT YA",250.7575,146.7403,1.70885230574014,99.8461538461538,99.9615384615385,199.8925,50.865,124.1693,22.571
"EnerTEA PFIRSICH Carton 0.75 Liter","EnerTEA","PFIRSICH","0.75","Carton","Retailer B","MAT",72.9038,134.4598,0.542197742373557,97.9230769230769,97.7307692307692,43.8309,29.0729,89.0642,45.3956
"EnerTEA WASSERMELONE Carton 0.75 Liter","EnerTEA","WASSERMELONE","0.75","Carton","Total Market","MAT 2YA",1599.6996,696.6109,2.29640334367435,46.2916666666667,31.375,773.9904,825.7092,348.3914,348.2195
"EnerTEA WASSERMELONE Carton 0.75 Liter","EnerTEA","WASSERMELONE","0.75","Carton","Total Market","MAT YA",1806.3245,927.6793,1.94714326384129,89.7884615384615,70.4423076923077,1245.3594,560.9651,682.9372,244.7421
"EnerTEA WASSERMELONE Carton 0.75 Liter","EnerTEA","WASSERMELONE","0.75","Carton","Total Market","MAT",634.9741,1069.4796,0.593722498306653,82.5961538461538,60.8269230769231,262.9245,372.0496,494.0114,575.4682
"EnerTEA WASSERMELONE Carton 0.75 Liter","EnerTEA","WASSERMELONE","0.75","Carton","Retailer A","MAT 2YA",1.7129,0.7538,2.27235340939241,12,12,0,1.7129,0,0.7538
"EnerTEA WASSERMELONE Carton 0.75 Liter","EnerTEA","WASSERMELONE","0.75","Carton","Retailer A","MAT YA",518.3882,242.3719,2.13881312148809,96.8076923076923,97.0192307692308,300.6739,217.7143,148.5888,93.7830999999999
"EnerTEA WASSERMELONE Carton 0.75 Liter","EnerTEA","WASSERMELONE","0.75","Carton","Retailer A","MAT",226.2942,363.4298,0.62266275357717,95.9423076923077,95.1730769230769,77.3845,148.9097,140.4543,222.9755
"EnerTEA WASSERMELONE Carton 0.75 Liter","EnerTEA","WASSERMELONE","0.75","Carton","Retailer B","MAT 2YA",349.1612,152.0449,2.29643480314039,97.9047619047619,97.3333333333333,164.942,184.2192,73.9588,78.0861
"EnerTEA WASSERMELONE Carton 0.75 Liter","EnerTEA","WASSERMELONE","0.75","Carton","Retailer B","MAT YA",260.6203,143.1118,1.82109581460089,99.8269230769231,100,209.5839,51.0364,120.5347,22.5771
"EnerTEA WASSERMELONE Carton 0.75 Liter","EnerTEA","WASSERMELONE","0.75","Carton","Retailer B","MAT",83.4775,148.7051,0.561362723941546,97.2115384615385,97.0192307692308,47.7793,35.6982,92.506,56.1991
"EnerTEA ZITRONE Carton 0.75 Liter","EnerTEA","ZITRONE","0.75","Carton","Total Market","MAT 2YA",897.5763,392.2726,2.28814426498308,36.625,22.375,439.0779,458.4984,199.3991,192.8735
"EnerTEA ZITRONE Carton 0.75 Liter","EnerTEA","ZITRONE","0.75","Carton","Total Market","MAT YA",682.2311,395.3642,1.72557631672266,50.9807692307692,37.9423076923077,515.6888,166.5423,322.3318,73.0324
"EnerTEA ZITRONE Carton 0.75 Liter","EnerTEA","ZITRONE","0.75","Carton","Total Market","MAT",170.2467,315.4172,0.539750844278626,38.9038461538462,25,91.7837,78.4630000000001,192.7492,122.668
"EnerTEA ZITRONE Carton 0.75 Liter","EnerTEA","ZITRONE","0.75","Carton","Retailer A","MAT 2YA",0,0,0,0,0,0,0,0,0
"EnerTEA ZITRONE Carton 0.75 Liter","EnerTEA","ZITRONE","0.75","Carton","Retailer A","MAT YA",0,0,0,0,0,0,0,0,0
"EnerTEA ZITRONE Carton 0.75 Liter","EnerTEA","ZITRONE","0.75","Carton","Retailer A","MAT",0,0,0,0,0,0,0,0,0
"EnerTEA ZITRONE Carton 0.75 Liter","EnerTEA","ZITRONE","0.75","Carton","Retailer B","MAT 2YA",274.5303,119.5055,2.2972189564497,93.2857142857143,93,127.9475,146.5828,57.3572,62.1483
"EnerTEA ZITRONE Carton 0.75 Liter","EnerTEA","ZITRONE","0.75","Carton","Retailer B","MAT YA",160.1109,99.2354,1.61344540355559,99.9423076923077,100,130.6629,29.4480000000001,86.2282,13.0072
"EnerTEA ZITRONE Carton 0.75 Liter","EnerTEA","ZITRONE","0.75","Carton","Retailer B","MAT",40.9975,78.6247,0.521432832176148,94.9038461538462,94.0961538461538,25.7067,15.2908,54.7654,23.8593
"EnerTEA MINZE Carton 0.75 Liter","EnerTEA","MINZE","0.75","Carton","Total Market","MAT 2YA",0,0,0,0,0,0,0,0,0
"EnerTEA MINZE Carton 0.75 Liter","EnerTEA","MINZE","0.75","Carton","Total Market","MAT YA",189.6127,87.7173,2.16163402202302,30.4666666666667,22.2666666666667,131.6534,57.9593,62.6411,25.0762
"EnerTEA MINZE Carton 0.75 Liter","EnerTEA","MINZE","0.75","Carton","Total Market","MAT",43.1212,28.0527,1.53714972177366,7.88461538461539,7.17307692307692,22.3973,20.7239,15.1457,12.907
"EnerTEA MINZE Carton 0.75 Liter","EnerTEA","MINZE","0.75","Carton","Retailer A","MAT 2YA",0,0,0,0,0,0,0,0,0
"EnerTEA MINZE Carton 0.75 Liter","EnerTEA","MINZE","0.75","Carton","Retailer A","MAT YA",141.7108,64.0279,2.21326640417693,74.7333333333333,77.4,98.2827,43.4281,45.5958,18.4321
"EnerTEA MINZE Carton 0.75 Liter","EnerTEA","MINZE","0.75","Carton","Retailer A","MAT",30.345,19.4195,1.56260459847061,18.2307692307692,23.7884615384615,15.2777,15.0673,10.2269,9.1926
"EnerTEA MINZE Carton 0.75 Liter","EnerTEA","MINZE","0.75","Carton","Retailer B","MAT 2YA",0,0,0,0,0,0,0,0,0
"EnerTEA MINZE Carton 0.75 Liter","EnerTEA","MINZE","0.75","Carton","Retailer B","MAT YA",0,0,0,0,0,0,0,0,0
"EnerTEA MINZE Carton 0.75 Liter","EnerTEA","MINZE","0.75","Carton","Retailer B","MAT",0,0,0,0,0,0,0,0,0
